B2,B3,B4,B8,B11,B12,NDVI,NDMI,NBR,BSI,EVI,Elevation,Slope,Eastness,Northness,Label
0.041725203,0.06325005,0.048647314,0.28504795,0.19606847,0.103264004,0.7084327,0.18494377,0.46813893,-0.14358523,0.4675672,1278.0,33.20369,0.52625304,0.85005766,1
0.04097713,0.0626564,0.047883544,0.28389513,0.19387583,0.102004744,0.71135247,0.18841517,0.4713409,-0.14667886,0.46684387,1028.0,30.27997,0.61543614,-0.7870599,1
0.042630084,0.06388068,0.047611445,0.29336122,0.19807334,0.102802254,0.7207316,0.19389738,0.48101094,-0.15525223,0.48786813,769.0,20.01514,0.8825639,-0.4424166,1
0.041259825,0.060920134,0.064662576,0.23061894,0.20302418,0.12680954,0.56202763,0.06363472,0.29043406,-0.0077692317,0.3169173,557.0,27.480515,0.8773951,-0.41727725,1
0.045433506,0.06639405,0.06369841,0.25149578,0.21098006,0.12176908,0.5958148,0.08760613,0.34754598,-0.03892672,0.36312222,352.0,22.035112,-0.69388115,0.7094306,1
0.042311456,0.063758425,0.051722515,0.27732027,0.19867669,0.10694997,0.6856183,0.16521865,0.44336063,-0.12145396,0.4439784,871.0,29.185131,0.989459,-0.11276601,1
0.042748027,0.06413307,0.05302652,0.27497983,0.2002506,0.10858277,0.6766738,0.15724842,0.43381983,-0.11287247,0.43604773,1075.0,27.468172,0.6444183,-0.7636102,1
0.04290313,0.06426559,0.053624958,0.2736822,0.20086144,0.10931847,0.6723264,0.1534543,0.42914736,-0.108741045,0.43193927,936.0,30.385649,-0.01105689,-0.9973311,1
0.04302874,0.06425448,0.048793934,0.2911996,0.19947366,0.10419422,0.7129714,0.18693893,0.4729598,-0.14757311,0.48048782,747.0,22.83653,-0.60706043,0.7940544,1
0.043096535,0.0643689,0.049868915,0.28772697,0.19998786,0.105282545,0.70456445,0.17989838,0.46422395,-0.13943426,0.47055265,1192.0,31.996689,0.069129854,0.9771405,1
0.042107087,0.063516065,0.04792584,0.28953913,0.19680728,0.10274566,0.7159655,0.19067037,0.476168,-0.15079148,0.47890076,1195.0,25.56743,0.9840693,-0.17410524,1
0.0390704,0.059973713,0.056951143,0.2448474,0.19369498,0.11464908,0.62258834,0.11664192,0.36216855,-0.06224079,0.36314738,463.0,22.633425,-0.576657,0.7736107,1
0.043485522,0.06466354,0.049727667,0.29021055,0.2009395,0.10536381,0.70743114,0.1817592,0.46728694,-0.14208439,0.47622818,1351.0,24.697796,-0.7248676,-0.6887997,1
0.04485519,0.06601008,0.05350947,0.28365055,0.20557813,0.10965008,0.6825871,0.15958266,0.44241086,-0.11813975,0.4536432,824.0,28.317532,-0.9673068,-0.22150971,1
0.03933197,0.061403677,0.046174508,0.28137305,0.18898642,0.09905253,0.71805924,0.19641708,0.4792541,-0.15389338,0.46539673,500.0,15.767176,0.90235496,0.40288576,1
0.042084455,0.0634709,0.047373723,0.29137793,0.19657004,0.10218191,0.72030413,0.19429919,0.48073,-0.15503581,0.4841404,660.0,26.984861,-0.6647779,-0.7447003,1
0.04475171,0.06526967,0.065857165,0.24155405,0.21068183,0.12552306,0.571537,0.06826576,0.3160943,-0.017352516,0.33760357,308.0,20.736044,0.6034856,-0.75956726,1
0.038948853,0.060884003,0.04985528,0.26707098,0.18963186,0.10365577,0.6853825,0.16956127,0.4407969,-0.121964864,0.42621857,529.0,22.077532,0.2985566,-0.95400304,1
0.042417414,0.063720964,0.04751879,0.2925882,0.1974874,0.10256047,0.7205656,0.19405334,0.48090187,-0.15516827,0.4864147,803.0,36.44845,-0.67399395,0.72692657,1
0.046292733,0.067266196,0.06564267,0.24881436,0.21369897,0.12389269,0.5825015,0.07592298,0.3351739,-0.027444493,0.35348368,598.0,21.999924,-0.64429015,0.7624166,1
0.042675007,0.063914426,0.047631018,0.2935245,0.19819711,0.10285333,0.72076654,0.19386455,0.4810339,-0.15526992,0.48817524,828.0,17.929804,-0.58095175,-0.7913684,1
0.042015444,0.06347013,0.048490647,0.28707787,0.19675891,0.10326555,0.71099406,0.18667237,0.470899,-0.14598207,0.4722981,1401.0,25.628748,-0.97887015,-0.1825787,1
0.04076268,0.060300887,0.064492494,0.2290621,0.20193395,0.1269927,0.5606099,0.06294291,0.28666764,-0.0063372026,0.31399295,769.0,23.351673,0.2206038,0.9714661,1
0.043563288,0.06458156,0.04801803,0.2967533,0.2006445,0.10386325,0.72145,0.19322321,0.48148298,-0.15561512,0.4942532,825.0,23.923162,0.7760097,-0.6280074,1
0.03988851,0.061821662,0.046416983,0.283396,0.1905198,0.09968528,0.71852547,0.19597618,0.47956067,-0.15413147,0.4691784,387.0,19.894606,0.59050965,0.80112743,1
0.04100277,0.060599938,0.06457463,0.22981393,0.20246045,0.12690425,0.56129664,0.06327805,0.28849015,-0.0070309713,0.31540456,572.0,22.034014,0.46755892,-0.8703292,1
0.042839352,0.06411825,0.048904356,0.28983444,0.19901837,0.104181685,0.71125627,0.18577385,0.47118062,-0.14597239,0.47729138,1164.0,26.922321,0.877831,0.45645073,1
0.041284222,0.06287758,0.047267277,0.28761935,0.19444858,0.10152626,0.71771175,0.19327313,0.4782094,-0.15279487,0.4762875,607.0,22.933458,-0.9520023,-0.30525744,1
0.044293694,0.065528356,0.05382256,0.2797825,0.2043058,0.109816745,0.6773277,0.15591516,0.43625793,-0.11327263,0.4446227,859.0,36.346283,0.32472306,-0.9448809,1
0.041290168,0.060957927,0.064672954,0.23071395,0.20309071,0.12679836,0.5621136,0.06367667,0.29066297,-0.007856063,0.31709594,432.0,22.493303,-0.4677478,-0.88348424,1
0.041222055,0.060873084,0.06464965,0.23050065,0.20294134,0.12682346,0.5619205,0.063582465,0.2901489,-0.0076610623,0.31669495,458.0,18.854433,0.91275537,0.36055577,1
0.044249196,0.065430515,0.052312527,0.28487995,0.20368855,0.10825038,0.6897171,0.16618223,0.44929013,-0.12497743,0.45893514,1038.0,22.843193,0.7090664,0.69448537,1
0.043648362,0.06477797,0.0495808,0.29156834,0.20131424,0.10532309,0.7093306,0.18311481,0.46925995,-0.14386618,0.47949073,1300.0,24.026121,-0.78926736,0.61232895,1
0.04410675,0.06533418,0.05289063,0.28213206,0.20352665,0.10878753,0.68425643,0.1618532,0.4434276,-0.119833186,0.4517339,1092.0,22.555267,0.9727434,-0.15216154,1
0.038891032,0.059551384,0.057978276,0.24085645,0.19392483,0.11651759,0.61197096,0.107943065,0.3479236,-0.052373458,0.35249048,758.0,21.636555,-0.964425,-0.25032315,1
0.04292335,0.06420086,0.049233828,0.28909495,0.19933967,0.10455556,0.7089587,0.18376109,0.4687899,-0.1437237,0.47494516,1128.0,26.888643,0.9540978,0.29302078,1
0.041089468,0.060707934,0.06460429,0.23008545,0.20265059,0.1268723,0.5615437,0.06339859,0.28914666,-0.0072804918,0.31591463,599.0,32.573425,-0.94774395,0.30448326,1
0.03980091,0.060286645,0.05951014,0.24015297,0.19680545,0.118698604,0.6028197,0.09920286,0.33845294,-0.044079125,0.3477359,625.0,18.262901,0.40832758,0.90237993,1
0.040827543,0.06252691,0.04682611,0.28680924,0.19310701,0.1007529,0.71929765,0.19524704,0.48006842,-0.15452486,0.47556844,648.0,21.466467,-0.3257388,0.9450708,1
0.039026856,0.05975918,0.057746883,0.2421775,0.19407655,0.11604184,0.6149237,0.11025903,0.35211852,-0.055120807,0.35578063,650.0,18.361929,0.20154044,0.9710691,1
0.040388048,0.062198862,0.04693216,0.28418007,0.19200638,0.10058639,0.7165181,0.1935664,0.47715613,-0.15195842,0.46966293,794.0,28.853928,-0.7817397,-0.6056157,1
0.042869218,0.06375584,0.060231697,0.2514852,0.20378597,0.118192025,0.6135487,0.104771025,0.36056638,-0.054330703,0.37025705,321.0,23.83051,-0.6801002,0.7026908,1
0.03943173,0.061458454,0.04707568,0.2788052,0.18960683,0.10019994,0.7110866,0.19042714,0.47124758,-0.14696622,0.45777482,369.0,22.618484,0.21881378,-0.9620973,1
0.0463677,0.0673378,0.06587565,0.24836898,0.21396491,0.12416281,0.5807365,0.0744139,0.33341092,-0.025925359,0.3520685,703.0,21.476461,-0.93301314,-0.31903833,1
0.039551497,0.06156855,0.046270154,0.282171,0.18959126,0.09930212,0.7182439,0.19624238,0.47937554,-0.15398775,0.46688792,404.0,24.084732,0.31883994,0.9438093,1
0.042562466,0.0636863,0.05780299,0.2580328,0.20190223,0.11477411,0.63396806,0.12204023,0.3842705,-0.07297879,0.38936058,435.0,21.94616,0.9749551,0.101031065,1
0.041836698,0.06328482,0.04726578,0.29047737,0.19588742,0.101900235,0.72010815,0.19448355,0.48060116,-0.15493648,0.48244902,723.0,22.030357,-0.65995616,0.67983776,1
0.04612042,0.0673629,0.05828269,0.2729859,0.2102306,0.11475916,0.6481243,0.12986994,0.408069,-0.08609827,0.42040014,589.0,25.205156,0.78092295,-0.6243266,1
0.041354712,0.062922835,0.047055785,0.2887254,0.19455945,0.101352245,0.7197235,0.19484565,0.48034838,-0.15474129,0.47916105,558.0,31.037397,0.89478683,0.44254842,1
0.04267487,0.06394904,0.05599219,0.2645705,0.20131922,0.11227913,0.6506631,0.13576451,0.40411708,-0.088448085,0.4072325,394.0,23.338737,0.5626244,-0.8155664,1
0.04320215,0.06431033,0.047860686,0.29544058,0.1996495,0.10345265,0.7211738,0.19348213,0.48130155,-0.15547572,0.49178085,724.0,21.948153,0.29302782,0.9284671,1
0.043625526,0.06386688,0.06547189,0.2380273,0.20821212,0.12593797,0.56855315,0.06681432,0.30796713,-0.014349527,0.3309039,576.0,20.950464,-0.7295349,-0.6765273,1
0.04214099,0.062017724,0.064964026,0.23337837,0.20495656,0.1264849,0.5645002,0.064840384,0.29703912,-0.0102646835,0.32211325,367.0,19.138542,0.32155964,0.9064039,1
0.04269825,0.06408328,0.053303163,0.27378863,0.20023938,0.10890108,0.6740783,0.15515804,0.43086484,-0.11042297,0.4328776,684.0,24.471045,0.1508505,0.9705269,1
0.044713035,0.065878116,0.053337988,0.28355455,0.20517193,0.109434955,0.6833531,0.16038138,0.44306424,-0.11888266,0.45381302,860.0,29.5379,0.7841989,-0.6190575,1
0.042003836,0.061846886,0.0649171,0.23294887,0.20465578,0.12653543,0.5641187,0.06465445,0.29601693,-0.009879833,0.32130346,374.0,21.109941,0.9786635,0.15211765,1
0.03938655,0.06008115,0.05818915,0.24241146,0.19512028,0.11662948,0.61284745,0.1080863,0.35032767,-0.05323901,0.35532674,723.0,28.845526,0.98518,-0.124096505,1
0.039521508,0.060024835,0.05918631,0.2399227,0.19601464,0.118297726,0.60424924,0.10072103,0.33952552,-0.045344576,0.34793687,595.0,29.587978,0.89533013,-0.42436504,1
0.044658206,0.065893345,0.05526275,0.27652666,0.2056971,0.11143275,0.66688055,0.1468811,0.42554426,-0.10345368,0.43447557,612.0,38.28065,-0.8623611,-0.49921826,1
0.042561594,0.06391538,0.04910383,0.28770766,0.19836809,0.104214735,0.7084195,0.18379763,0.4681869,-0.14331216,0.47225142,1065.0,23.787088,-0.7505608,0.6601386,1
0.040285632,0.05980689,0.06396566,0.22865734,0.20064363,0.1264708,0.5628118,0.065254234,0.2877455,-0.008122306,0.31422296,480.0,19.747463,-0.74393755,0.6679853,1
0.042630978,0.06373159,0.058093052,0.25739288,0.2021959,0.115165845,0.63172334,0.12010081,0.38175738,-0.07091559,0.3873754,468.0,22.3184,0.88194025,0.47022024,1
0.04674187,0.06801594,0.06205338,0.26283798,0.21306686,0.1189255,0.61800534,0.10458207,0.37696764,-0.058935523,0.3907549,901.0,18.247887,-0.64777595,-0.64214075,1
0.04197898,0.06347596,0.05106424,0.27794087,0.19760157,0.10607981,0.6895839,0.16894244,0.44753075,-0.12531804,0.4467891,744.0,27.755142,-0.8550546,-0.49395046,1
0.040108215,0.059572805,0.06395837,0.22793908,0.20028868,0.12663402,0.5617751,0.06456938,0.28570998,-0.0071393712,0.31273076,543.0,19.8423,0.41603753,0.8926449,1
0.041213457,0.06284043,0.049929887,0.27802715,0.19525434,0.104468614,0.6955096,0.17489128,0.45375282,-0.1312068,0.44953933,853.0,24.017141,0.8498376,-0.5202463,1
0.042059634,0.06347275,0.047758248,0.28988722,0.19662921,0.10254607,0.7171101,0.19168521,0.4773834,-0.15192465,0.48003766,1096.0,19.697302,0.915509,0.38849518,1
0.04602538,0.06711798,0.0635324,0.25464502,0.21215296,0.121168934,0.600648,0.0910288,0.35516533,-0.04335004,0.37018704,500.0,23.10083,-0.09963266,-0.97672576,1
0.04466364,0.06548334,0.06347434,0.2488684,0.20925522,0.12196104,0.5935597,0.08646834,0.3422257,-0.03673653,0.35797626,328.0,20.137964,0.532888,-0.8427421,1
0.041248385,0.060905885,0.06465866,0.23058312,0.2029991,0.12681375,0.5619952,0.06361888,0.2903477,-0.007736474,0.31684995,492.0,20.940182,-0.22029485,-0.975309,1
0.04357494,0.06470305,0.04932451,0.2921097,0.20104827,0.10504005,0.7110746,0.18464962,0.4710305,-0.14556912,0.48124126,1038.0,29.445883,-0.2661652,-0.96136296,1
0.046414822,0.067413464,0.06570755,0.24912485,0.21398057,0.123887636,0.5825871,0.0758883,0.33574536,-0.027557008,0.35401666,726.0,20.695557,-0.99794835,0.032488298,1
0.04187336,0.06338848,0.050673127,0.27876318,0.19718882,0.10558967,0.69236463,0.17139196,0.45055866,-0.12801191,0.4494379,671.0,25.006155,-0.91845316,-0.36773494,1
0.044773977,0.06529741,0.06586478,0.24162379,0.21073066,0.12551485,0.57159525,0.068294086,0.31625366,-0.0174111,0.3377363,321.0,19.686426,0.9345611,-0.3551554,1
0.04439345,0.06544047,0.06073462,0.25668013,0.20734951,0.11821452,0.61731696,0.106309205,0.3693454,-0.057961885,0.38028857,416.0,21.974323,0.7351986,-0.6741432,1
0.043446925,0.06459393,0.049155585,0.29205707,0.20066662,0.104802296,0.7118771,0.18548012,0.47184163,-0.14638297,0.48151225,1005.0,37.8275,-0.9753725,-0.21935248,1
0.043807287,0.06508518,0.053412084,0.2788308,0.20297356,0.109257765,0.6784757,0.15744406,0.43694416,-0.11442094,0.4434762,1405.0,30.637512,-0.028854456,-0.99957705,1
0.042423937,0.06372586,0.047521632,0.2926119,0.19750537,0.10256788,0.72057074,0.19404851,0.4809052,-0.15517083,0.48645926,1134.0,26.598106,-0.54526824,-0.8364977,1
0.040404785,0.06221063,0.046786018,0.28477255,0.19199537,0.10043292,0.71778125,0.1945961,0.47854885,-0.15319552,0.47127807,581.0,22.740738,0.74500984,0.5001861,1
0.041322954,0.06291493,0.047564443,0.28677765,0.19465241,0.1018662,0.71547437,0.19135746,0.47578636,-0.15058938,0.47378626,665.0,26.258963,-0.9667885,-0.008723351,1
0.03973385,0.061705507,0.046349604,0.28283384,0.19009368,0.09950944,0.7183965,0.19609804,0.47947595,-0.15406568,0.46812707,506.0,27.713968,0.8796122,0.46612036,1
0.043959998,0.06517999,0.052166108,0.283955,0.20291953,0.10799257,0.68959934,0.16644017,0.44894382,-0.1249216,0.4572669,1038.0,28.082499,0.8136867,-0.5788561,1
0.042612564,0.063867524,0.047603812,0.29329753,0.19802506,0.10278234,0.72071797,0.19391021,0.48100194,-0.15524535,0.48774838,776.0,24.334484,-0.18075573,0.9794598,1
0.04052029,0.06006176,0.064177215,0.22900105,0.20124769,0.12663971,0.5621966,0.06450537,0.28782228,-0.0076576476,0.31451038,429.0,23.453405,0.9267382,-0.37248197,1
0.044307843,0.0654345,0.051546764,0.28789476,0.20359379,0.10752898,0.6962849,0.17152172,0.45613292,-0.13120447,0.4671402,1394.0,23.198166,-0.6653946,-0.6018312,1
0.0448394,0.0659664,0.052977152,0.2854622,0.20536998,0.10912361,0.6869327,0.16317639,0.44689542,-0.122236684,0.45872062,1207.0,28.471851,-0.17282796,-0.9839848,1
0.04424903,0.06543177,0.05234015,0.28478134,0.20369709,0.10827783,0.6894879,0.16599351,0.44905075,-0.124760166,0.4586613,1108.0,23.607914,0.96530825,0.26007655,1
0.043437257,0.06474543,0.052647404,0.27967468,0.20179191,0.108324565,0.68315434,0.16176152,0.44162488,-0.11890308,0.44698164,899.0,27.603184,0.85159796,0.5240056,1
0.042125475,0.06353417,0.04801879,0.28930524,0.19688545,0.10285115,0.71529573,0.19008958,0.4754585,-0.15013227,0.47818244,1267.0,31.23013,0.97553414,-0.19549903,1
0.04259531,0.06385457,0.047596294,0.29323483,0.19797753,0.10276272,0.72070456,0.19392285,0.48099315,-0.15523855,0.48763046,739.0,36.025005,-0.77975994,-0.60152715,1
0.04351626,0.064546235,0.047997538,0.29658234,0.20051493,0.103809774,0.72141415,0.19325677,0.48145944,-0.15559703,0.49393114,944.0,20.869503,0.933488,0.35612604,1
0.046834458,0.068122305,0.061906632,0.26375952,0.21321203,0.11871351,0.61981535,0.10597591,0.379232,-0.060567793,0.39303386,934.0,25.045534,0.7049272,-0.7084849,1
0.043471888,0.06468018,0.05016376,0.28858843,0.20104034,0.10577579,0.7038321,0.17880504,0.46356297,-0.13862704,0.4717425,894.0,21.216791,-0.64838463,-0.75578123,1
0.043041795,0.06313978,0.06527219,0.2361993,0.20693201,0.12615302,0.5669761,0.06604655,0.30369967,-0.012760834,0.3274418,377.0,25.628443,0.9921033,-0.0033285168,1
0.041299235,0.06291429,0.048544943,0.28323853,0.19494317,0.10291932,0.70736974,0.18464813,0.46695727,-0.14268655,0.4639079,869.0,20.255615,0.13413817,0.9812145,1
0.040298935,0.06069725,0.060381353,0.23964114,0.19838586,0.119906634,0.5974878,0.09418433,0.3330142,-0.03930309,0.34481332,426.0,20.912575,0.53480643,0.8449034,1
0.042687055,0.06406962,0.053465363,0.2731793,0.20027727,0.10909352,0.672639,0.15397827,0.42923737,-0.1090638,0.4312112,1128.0,35.431656,0.48678434,-0.8690359,1
0.04271537,0.06397931,0.048148558,0.29188564,0.19846042,0.103370935,0.7168017,0.19052917,0.47694263,-0.15139458,0.48344737,644.0,27.30514,-0.9585875,-0.25423497,1
0.04079195,0.060337342,0.06450251,0.22915375,0.20199814,0.12698191,0.5606938,0.062983856,0.2868902,-0.006421987,0.31416497,651.0,19.836071,-0.93119544,0.35333705,1
0.0429368,0.06416341,0.04845668,0.2919293,0.1991315,0.10381343,0.71528393,0.18897416,0.4753489,-0.1498451,0.48283404,689.0,26.281013,0.5558618,0.82237995,1
0.0402,0.0596,0.0643,0.2273,0.2007,0.1272,0.55898494,0.06214954,0.28236952,-0.004694838,0.31068924,857.0,25.065207,0.91949403,-0.39006343,1
0.041827876,0.06162771,0.06485691,0.23239784,0.20426992,0.12660027,0.5636274,0.06441493,0.29470232,-0.009384129,0.32026505,379.0,22.821394,-0.9814205,0.1850923,1
0.041913237,0.06334231,0.047299128,0.29075557,0.1960983,0.10198725,0.72016877,0.19442646,0.48064104,-0.15496722,0.48297143,774.0,25.266428,-0.98435104,0.14555536,1
0.042035457,0.0634341,0.047352377,0.29119983,0.19643503,0.10212621,0.72026545,0.19433556,0.48070455,-0.15501621,0.48380584,623.0,21.43575,0.6431177,-0.74054945,1
0.041809153,0.06326414,0.04725378,0.29037726,0.19581152,0.10186892,0.7200863,0.19450414,0.4805868,-0.1549254,0.48226106,673.0,28.041435,-0.8904566,0.45177856,1
0.042795587,0.06417634,0.05300307,0.27529272,0.20035689,0.10856517,0.67710173,0.1575442,0.4343471,-0.11327072,0.43677184,925.0,29.74252,0.72958934,0.6652538,1
0.04239255,0.063702285,0.047507957,0.2924978,0.19741888,0.10253219,0.7205462,0.19407162,0.48088908,-0.15515842,0.4862448,609.0,27.060345,-0.88131464,0.46647206,1
0.046891462,0.06815092,0.063257016,0.25940952,0.2138851,0.12032838,0.6079109,0.09618621,0.3662556,-0.04997722,0.38094798,624.0,20.268261,-0.43515775,-0.8818944,1
0.039928734,0.059519626,0.06329029,0.22918881,0.19948433,0.1255272,0.56721497,0.06929401,0.29223832,-0.011925208,0.31672958,470.0,22.67593,0.506249,-0.85855216,1
0.038866844,0.060466032,0.05279672,0.25707978,0.19091052,0.10796168,0.65924025,0.14770244,0.40849635,-0.09680165,0.39825645,1055.0,29.44327,0.9296388,0.36629528,1
0.04279138,0.06372448,0.059767146,0.25264522,0.20337991,0.11753635,0.617383,0.108032,0.36498,-0.057806104,0.37370414,366.0,27.731028,-0.26510447,0.9620504,1
0.03940007,0.060134076,0.0580098,0.2430293,0.19504197,0.11631289,0.61460286,0.10954228,0.35263437,-0.05486206,0.3570185,649.0,26.749119,0.39758047,-0.90176785,1
0.041432966,0.061135802,0.06472181,0.23116115,0.20340388,0.12674576,0.5625175,0.06387369,0.29173896,-0.008263854,0.317937,530.0,22.777723,0.26200533,-0.9633643,1
0.039401025,0.06137719,0.048428334,0.27407002,0.19010043,0.10188566,0.6996677,0.1809025,0.45799112,-0.13576505,0.4444802,358.0,22.924345,0.624105,-0.77962613,1
0.043397263,0.064456865,0.047945693,0.2961498,0.20018706,0.10367449,0.7213233,0.19334196,0.48139974,-0.15555121,0.49311635,824.0,20.851854,0.95412046,0.28408712,1
0.04276194,0.06402487,0.04832142,0.29150996,0.1986351,0.10356773,0.71561533,0.18948443,0.47570956,-0.15022558,0.48223987,656.0,14.006082,0.87964314,-0.043080337,1
0.041401077,0.06109608,0.06471089,0.23106128,0.20333394,0.1267575,0.56242746,0.06382974,0.2914989,-0.008172916,0.31774914,518.0,23.884775,0.6512762,-0.7546748,1
0.042277962,0.063728616,0.05179373,0.27690977,0.1986218,0.10702279,0.68486047,0.16463254,0.4424917,-0.12073703,0.44293693,984.0,29.034155,0.9894228,0.14084245,1
0.041979436,0.06339203,0.04732797,0.2909962,0.19628069,0.102062516,0.72022116,0.19437718,0.48067546,-0.15499377,0.48342332,807.0,29.21372,0.87617826,-0.48122418,1
0.045504473,0.066470824,0.0637944,0.2514896,0.21117516,0.121857494,0.59532106,0.08713534,0.34721607,-0.038506866,0.36291417,361.0,22.079132,0.52428615,0.8510533,1
0.04242674,0.06385352,0.052358776,0.27569982,0.19920671,0.10772452,0.6807962,0.16106983,0.43809244,-0.11683694,0.4390766,1096.0,26.27099,0.2079895,0.9769583,1
0.04361711,0.06475337,0.049569964,0.29144704,0.20123039,0.10529393,0.70928156,0.18311505,0.46920568,-0.14382814,0.4792536,1270.0,26.91191,0.06518582,0.99666965,1
0.043264363,0.06435706,0.047887795,0.29566672,0.1998209,0.10352339,0.72122157,0.19343735,0.4813329,-0.15549983,0.4922066,948.0,22.338581,0.6159486,0.7490368,1
0.04205375,0.06351176,0.048855104,0.28599378,0.19698218,0.10366888,0.7081961,0.18429822,0.46790445,-0.1432522,0.46912774,1391.0,26.815163,-0.593544,-0.7887787,1
0.04109437,0.06071404,0.064605966,0.2301008,0.20266134,0.1268705,0.56155765,0.06340541,0.28918374,-0.0072945924,0.31594348,546.0,19.156277,0.9749591,-0.02629191,1
0.039914034,0.05951527,0.06323558,0.22929116,0.19941846,0.12543657,0.5676595,0.069680505,0.29277265,-0.012317458,0.31705743,461.0,17.585073,-0.9260131,-0.3275341,0
0.040187195,0.060653426,0.059955038,0.24047303,0.19789259,0.11923603,0.60086924,0.09713453,0.33704183,-0.042362608,0.3474709,644.0,24.677864,0.6983792,-0.7141517,1
0.039811842,0.06024268,0.059770674,0.23939602,0.19698781,0.11914996,0.6004189,0.09718099,0.33537138,-0.041885804,0.34558454,697.0,29.103598,-0.28153807,0.9579759,1
0.04298478,0.06434485,0.05217464,0.2790841,0.20050582,0.107668005,0.6849916,0.1638447,0.44321954,-0.12072812,0.44676146,749.0,35.554836,-0.82070804,0.56984764,1
0.042468823,0.06387657,0.053147018,0.27320638,0.19962269,0.108673535,0.67429775,0.1556243,0.4308497,-0.11066243,0.43197265,576.0,20.43871,-0.46554834,0.8290993,1
0.046114005,0.06735672,0.05829712,0.27290532,0.21022089,0.11477534,0.64796686,0.12974752,0.40788722,-0.08595423,0.4201963,600.0,33.56523,0.65670794,-0.75167733,1
0.04304426,0.06431796,0.049673487,0.28815317,0.19979103,0.1050595,0.7059232,0.18109067,0.46563524,-0.14075817,0.47191474,1141.0,29.054098,0.6872985,-0.72439,1
0.044095848,0.064893715,0.06266472,0.24902035,0.20765221,0.121136606,0.59789723,0.090586,0.34548518,-0.04046491,0.3599573,487.0,21.55005,-0.26200214,-0.9614126,1
0.045561746,0.06653405,0.06385996,0.25152367,0.21132678,0.121911705,0.5950331,0.086846404,0.34708005,-0.038266197,0.36285385,344.0,21.269873,0.61461985,-0.7862006,1
0.041277036,0.060941573,0.06466846,0.23067284,0.20306192,0.1268032,0.5620764,0.06365852,0.2905639,-0.007818495,0.31701863,340.0,21.11468,0.58847183,-0.7946145,1
0.040900867,0.06258198,0.046858054,0.28707576,0.19330902,0.10083626,0.71935725,0.19519089,0.48010758,-0.15455517,0.47606793,673.0,21.485754,-0.5823402,-0.81020904,1
0.04193736,0.06337481,0.047601573,0.2898103,0.19625974,0.10230653,0.71784294,0.19246313,0.47818342,-0.15268412,0.48023382,1267.0,27.163443,0.7705623,0.6239353,1
0.038983118,0.059652004,0.05800735,0.24117674,0.19414084,0.11652071,0.6122297,0.10804963,0.34849572,-0.05262305,0.35310513,728.0,24.126244,-0.6079813,-0.79153955,1
0.039610837,0.059807826,0.060594525,0.23599014,0.19708082,0.12076252,0.59138465,0.08984513,0.3229902,-0.033614144,0.33665806,455.0,22.767107,0.15536973,-0.9842287,1
0.04321298,0.06454415,0.05227254,0.27987215,0.20110424,0.107846774,0.68524235,0.16376668,0.4436858,-0.12092447,0.44823894,737.0,21.208776,0.08993971,-0.99575573,1
0.04190346,0.063334964,0.047294866,0.29072005,0.19607136,0.101976134,0.7201611,0.19443378,0.48063597,-0.15496331,0.4829047,550.0,21.336397,0.2814474,0.95064247,1
0.043131147,0.06440164,0.049978066,0.28751642,0.20011158,0.10540998,0.7038288,0.1792449,0.46346197,-0.13871664,0.4698515,1255.0,31.5406,0.8885267,-0.4581982,1
0.042031225,0.06343092,0.047350533,0.29118446,0.19642337,0.1021214,0.7202621,0.19433874,0.48070237,-0.15501454,0.48377693,658.0,26.77337,0.74211234,-0.66660625,1
0.044348173,0.06517052,0.0628879,0.24940026,0.20829721,0.12130557,0.59724444,0.08980397,0.3455427,-0.039939784,0.36030832,370.0,20.90051,0.688764,0.721994,1
0.044559326,0.06536097,0.06343405,0.24854499,0.20901664,0.12197282,0.59334415,0.08638914,0.34160885,-0.036519226,0.35736963,355.0,20.194794,0.94800407,-0.30132717,1
0.04200232,0.06340921,0.047337938,0.29107937,0.19634373,0.10208853,0.7202393,0.19436017,0.48068735,-0.15500294,0.48357958,897.0,31.750435,0.8952409,-0.4381942,1
0.042412788,0.06235628,0.06505701,0.23422952,0.20555261,0.12638476,0.56525266,0.06520709,0.29905847,-0.011023607,0.3237192,411.0,31.911263,-0.89352137,-0.4365908,1
0.038563736,0.060611732,0.0491037,0.2676603,0.18833213,0.10250495,0.6899667,0.17396817,0.44616655,-0.12652801,0.42919725,518.0,21.746843,-0.6449627,-0.76363677,1
0.040683005,0.06020164,0.06446524,0.22881258,0.20175923,0.12702206,0.56038105,0.06283119,0.2860613,-0.006106,0.31352472,808.0,29.92865,0.3696434,-0.92286783,1
0.044266716,0.06540478,0.051605564,0.28747818,0.20350823,0.1075663,0.6956176,0.17102297,0.45542184,-0.13057846,0.46611044,1144.0,33.00217,0.84317434,-0.5361261,1
0.04292106,0.06422268,0.049697477,0.28744152,0.19948386,0.10501566,0.70518106,0.1806389,0.46482998,-0.14007781,0.47032636,1361.0,30.14456,0.9626534,-0.26824695,1
0.039594676,0.061557315,0.047982004,0.27655,0.19039649,0.10140322,0.70430034,0.18450403,0.46340862,-0.14023973,0.45083088,356.0,37.19964,0.29994437,0.95181096,1
0.047151368,0.06847175,0.062217128,0.2641293,0.21403164,0.11895506,0.61870503,0.10477157,0.37896156,-0.059625804,0.39319342,791.0,17.955936,-0.9641576,-0.110248886,1
0.0433706,0.06444808,0.059031762,0.25768173,0.20429511,0.11625358,0.62722296,0.11556123,0.37821555,-0.06684416,0.38600007,396.0,23.225405,0.6259536,0.77693826,1
0.04193088,0.06341744,0.048916485,0.28515342,0.19668922,0.103665836,0.7071482,0.18359563,0.46676594,-0.14227347,0.46717766,1343.0,20.853298,-0.80785835,-0.5879746,1
0.038703226,0.05928672,0.058177352,0.23940964,0.1936452,0.11697363,0.6090061,0.10567818,0.34355152,-0.04961042,0.34900698,674.0,24.626308,0.9794788,-0.18207617,1
0.04153793,0.061266545,0.06475771,0.23148984,0.20363405,0.12670709,0.5628135,0.06401805,0.29252833,-0.008562678,0.31855544,474.0,20.30315,0.8528988,0.47273055,1
0.038712777,0.05928954,0.058213565,0.23934089,0.19368827,0.117033325,0.60871994,0.105426185,0.34319982,-0.049347207,0.34878418,676.0,23.656895,0.97433496,0.22314304,1
0.042766176,0.06414731,0.05318532,0.2745233,0.20035696,0.108773574,0.6754109,0.15617901,0.4324317,-0.111674204,0.4347158,886.0,25.857067,0.97450256,-0.22158034,1
0.04302605,0.064312585,0.049851637,0.28743,0.19980232,0.10522728,0.7043916,0.1798478,0.4640248,-0.1392875,0.46995172,1060.0,24.090229,0.83534354,0.5245538,1
0.04169203,0.06317617,0.04720275,0.28995153,0.19548883,0.101735756,0.7199932,0.19459179,0.4805256,-0.15487818,0.48146182,748.0,39.08535,0.58669597,-0.8077027,1
0.04093043,0.060509834,0.064549886,0.2295874,0.20230182,0.1269309,0.5610901,0.06317729,0.28794172,-0.0068223746,0.3149791,670.0,20.399168,0.19387183,0.97080964,1
0.043193705,0.06445945,0.050145693,0.28724062,0.20032544,0.105610386,0.7027402,0.1782634,0.46233875,-0.13765268,0.46887767,1086.0,36.16263,0.20254573,0.9786873,1
0.043789815,0.06407152,0.065528095,0.2385418,0.2085724,0.12587744,0.5689932,0.0670285,0.3091614,-0.014792667,0.3318796,639.0,20.264534,-0.99985737,-0.00316221,1
0.042596452,0.063855425,0.047596794,0.29323897,0.19798069,0.10276402,0.7207054,0.19392197,0.48099372,-0.15523897,0.48763824,673.0,34.12983,0.9843008,-0.16340235,1
0.04621588,0.06736034,0.063278176,0.25633687,0.21244463,0.120720595,0.6040351,0.09363048,0.35967004,-0.04639646,0.37432268,694.0,23.43529,0.30923164,0.942663,1
0.044736855,0.06589591,0.053283565,0.28386524,0.20521317,0.10938849,0.6839166,0.1608169,0.44367474,-0.11940981,0.45460245,916.0,23.565495,-0.53752404,-0.8113636,1
0.04262195,0.06387458,0.047607902,0.29333165,0.19805093,0.10279301,0.72072524,0.19390334,0.48100677,-0.15524904,0.48781255,830.0,33.037663,0.7429864,0.65529174,1
0.040923677,0.060951915,0.06271943,0.23513113,0.20111632,0.1235769,0.5788531,0.077971354,0.31098893,-0.022632468,0.33041212,419.0,22.717747,-0.41601914,-0.85316765,1
0.04615261,0.06710042,0.06553796,0.2485571,0.21336089,0.12385485,0.58268714,0.076195806,0.33485028,-0.027563859,0.3531442,710.0,20.148336,-0.65221626,0.75074923,1
0.04229402,0.06362829,0.04746503,0.29213968,0.19714743,0.10242017,0.72046894,0.19414419,0.48083833,-0.15511931,0.48557168,951.0,35.32873,0.5906093,0.80677736,1
0.043466203,0.06477993,0.05345352,0.2770163,0.20215791,0.10922528,0.67649984,0.15622376,0.4344199,-0.112605035,0.4394818,1392.0,26.528124,0.5116787,-0.83969915,1
0.04646653,0.06764966,0.06337092,0.25713587,0.21302132,0.12070095,0.604558,0.093829356,0.36109483,-0.04691449,0.3758449,565.0,24.793695,0.94756395,-0.29390988,1
0.043089975,0.064440094,0.052605983,0.27810702,0.20092402,0.108180806,0.68186325,0.16112316,0.43989533,-0.11773761,0.4437012,959.0,22.704391,-0.99317497,-0.016348386,1
0.042516656,0.06363859,0.05778797,0.25787148,0.20179206,0.11476527,0.63385874,0.122001015,0.38403675,-0.07287576,0.38904822,486.0,21.282724,-0.5601631,-0.7852858,1
0.042754553,0.06413718,0.053155474,0.27456903,0.20031705,0.108736075,0.6756088,0.15635745,0.43263957,-0.11186316,0.43488005,926.0,20.952202,0.9898518,-0.09038472,1
0.044384502,0.06538707,0.061233576,0.2549878,0.20756459,0.118909165,0.61271703,0.10252506,0.36394688,-0.053811558,0.3756367,426.0,23.318636,0.16041124,-0.981578,1
0.04230888,0.06346886,0.05725549,0.25866646,0.20106716,0.11406432,0.63753396,0.1252884,0.3879533,-0.076261096,0.39188585,415.0,22.233713,0.71777683,0.6891461,1
0.03792566,0.05892612,0.05583441,0.24313612,0.19050759,0.11317492,0.62648886,0.12136353,0.36474088,-0.065831505,0.36194962,540.0,21.151587,-0.40129325,-0.91027814,1
0.041638948,0.06139237,0.064792275,0.23180619,0.20385559,0.12666987,0.5630977,0.06415665,0.29328686,-0.008849538,0.31915087,345.0,17.863201,0.85619605,-0.4996797,1
0.04094537,0.060528442,0.064555,0.22963418,0.20233458,0.1269254,0.5611327,0.06319808,0.28805506,-0.0068654562,0.31506693,732.0,25.380299,0.20727317,-0.9773558,1
0.041384008,0.061074816,0.06470506,0.23100781,0.20329651,0.12676379,0.5623792,0.06380618,0.2913703,-0.0081241755,0.31764856,343.0,19.171606,0.4220615,-0.88342965,1
0.04041633,0.059869464,0.06437401,0.22797745,0.20117441,0.1271203,0.5596122,0.062455855,0.28402644,-0.0053289835,0.3119586,801.0,24.125927,0.32269615,-0.92977804,1
0.042285625,0.062197883,0.065013506,0.2338313,0.20527373,0.12643161,0.56490123,0.06503585,0.29811475,-0.010669187,0.32296765,380.0,18.757414,-0.90412045,0.39213923,1
0.043006573,0.06436507,0.05322164,0.27557138,0.20095381,0.10886371,0.67626053,0.15658683,0.43364322,-0.11244368,0.43688726,780.0,29.136484,0.9695195,-0.19390123,1
0.044462457,0.065598,0.052123524,0.28661716,0.2041618,0.108150996,0.69225115,0.16800918,0.45207843,-0.12733872,0.46310037,1183.0,22.412012,-0.5984746,-0.62126553,1
0.04424449,0.065344766,0.059822053,0.25904107,0.20660156,0.117033854,0.6247791,0.11261751,0.37760353,-0.0647031,0.38724217,418.0,21.741602,0.42531344,0.90316784,1
0.042291682,0.063696116,0.048849735,0.28722596,0.19759049,0.10379917,0.70929325,0.18488538,0.46909207,-0.14424218,0.4717942,1534.0,26.43212,0.9686901,-0.0051478664,1
0.044021767,0.06528844,0.054061968,0.27761692,0.20372984,0.110016175,0.6740102,0.15350074,0.43236953,-0.11018902,0.43943715,1031.0,25.716585,-0.8983026,-0.40992138,1
0.04186195,0.061670147,0.06486856,0.23250453,0.20434463,0.1265877,0.5637227,0.06446138,0.29495716,-0.009480286,0.32046607,442.0,20.711685,-0.26838836,0.9629655,1
0.04205209,0.06344659,0.047359623,0.2912603,0.19648087,0.10214512,0.72027856,0.19432321,0.48071322,-0.15502287,0.4839194,628.0,32.85655,0.5986538,0.7988447,1
0.043657467,0.06465229,0.04805906,0.2970956,0.20090398,0.10397032,0.72152156,0.19315602,0.48153,-0.1556512,0.4948982,888.0,23.726625,0.7998354,0.59874797,1
0.039306402,0.060056135,0.05786503,0.24306077,0.1947527,0.116109446,0.6154199,0.1103394,0.35345727,-0.05560801,0.35739574,566.0,26.974546,0.7386369,0.6587564,1
0.04628005,0.0672479,0.065666564,0.24868125,0.21368448,0.12393659,0.5822044,0.07569065,0.33477905,-0.027180763,0.35315195,654.0,20.882002,0.62224656,0.7793274,1
0.042962838,0.06423718,0.049342092,0.28891268,0.19947578,0.10468535,0.7082549,0.18312657,0.46805957,-0.14303185,0.47430557,1110.0,23.03244,0.84878504,-0.52627784,1
0.045897078,0.06713388,0.057960074,0.27305517,0.20959538,0.114421904,0.6498042,0.13148184,0.40940037,-0.0876319,0.42123058,738.0,21.200554,0.9517044,-0.26413104,1
0.04179553,0.063302115,0.051856916,0.2743187,0.19746426,0.10696719,0.6820307,0.1629021,0.43891346,-0.11812676,0.4372305,501.0,29.338814,0.8051078,-0.59193563,1
0.04167621,0.061438788,0.064805016,0.23192286,0.2039373,0.12665614,0.5632024,0.06420765,0.29356632,-0.008955154,0.31937057,428.0,26.054256,0.59390336,-0.79811025,1
0.044156317,0.06509106,0.048865717,0.2967651,0.20243278,0.10502742,0.7172375,0.18896776,0.47720566,-0.15133384,0.4923378,1177.0,22.097813,0.99538124,0.09413133,1
0.04078361,0.060326952,0.064499654,0.22912763,0.20197985,0.126985,0.5606699,0.062972195,0.28682676,-0.0063978382,0.31411594,716.0,23.871347,0.56571496,0.8176739,1
0.042432107,0.063598916,0.057260413,0.2592202,0.2013483,0.114042796,0.6381427,0.12565319,0.38894135,-0.076827765,0.39305803,409.0,19.478722,-0.5263705,0.8046295,1
0.043042354,0.06431587,0.049661875,0.2881846,0.19978242,0.105046906,0.7060092,0.18116428,0.4657249,-0.14084162,0.47200888,1158.0,26.253773,0.901746,-0.4270717,1
0.04310581,0.064374365,0.04983301,0.28790125,0.19999991,0.10525184,0.7048981,0.18016218,0.4645758,-0.13975301,0.47100973,1071.0,26.381937,-0.013456641,0.9929464,1
0.044023942,0.065235,0.052190635,0.2841873,0.20308702,0.10804173,0.6896905,0.16643658,0.4490885,-0.12499566,0.45771292,1007.0,25.35834,0.88006383,-0.45136017,1
0.041861653,0.06166978,0.064868465,0.23250361,0.20434397,0.12658782,0.5637219,0.064461,0.29495493,-0.0094794575,0.3204643,391.0,30.048733,-0.28580174,-0.9571406,1
0.039954346,0.059527215,0.06338563,0.22901046,0.19959912,0.12568516,0.56644,0.06862036,0.29130697,-0.011241786,0.31615838,490.0,22.487722,-0.1923407,0.9704004,1
0.043007765,0.06429049,0.049694262,0.28789386,0.19970441,0.10505996,0.70559233,0.18086499,0.4652809,-0.14044961,0.47130862,1218.0,33.648697,-0.3587625,-0.8975174,1
0.042827472,0.06413529,0.04939894,0.28802073,0.19914684,0.10466402,0.7071959,0.18242982,0.46693107,-0.14204915,0.47225344,1341.0,18.964033,0.72361434,-0.6886859,1
0.04122698,0.060879223,0.06465133,0.23051608,0.20295215,0.12682165,0.5619345,0.063589275,0.29018605,-0.0076751695,0.31672394,505.0,28.929766,0.2333283,-0.97151375,1
0.045949046,0.06703314,0.063450254,0.25458246,0.21195348,0.121104255,0.60098284,0.09137343,0.35529128,-0.043629523,0.3702201,495.0,21.956486,0.5054877,0.8509514,1
0.041635796,0.06313394,0.04717825,0.28974712,0.1953339,0.10167182,0.71994835,0.19463392,0.48049617,-0.15485543,0.48107815,611.0,23.320938,-0.973724,0.118784375,1
0.04027486,0.06211182,0.04658531,0.28480032,0.19158426,0.10012453,0.7188453,0.19567397,0.47977102,-0.15429458,0.47180605,615.0,25.382582,-0.20663735,0.97469825,1
0.040313866,0.06125137,0.057585515,0.24847256,0.19678976,0.115196064,0.6236955,0.1160727,0.36647785,-0.06335342,0.3694688,352.0,23.92507,-0.7528654,0.65582186,1
0.0440464,0.06525686,0.05225578,0.28406924,0.20316447,0.10811618,0.6892543,0.1660492,0.44864765,-0.1245774,0.45731384,955.0,26.618252,0.43135542,-0.88355505,1
0.042839084,0.064201325,0.053864792,0.27255115,0.20080337,0.10959634,0.6699622,0.15157303,0.42641863,-0.106519036,0.4289829,981.0,27.002808,0.21426013,0.9610754,1
0.04263415,0.06390707,0.0560055,0.26433417,0.20123087,0.112300396,0.6503368,0.13554132,0.4036639,-0.088145226,0.40669778,347.0,21.53978,0.50046617,-0.86172026,1
0.04299948,0.06428071,0.049629048,0.28808257,0.19966207,0.1049904,0.7060862,0.1812844,0.4657969,-0.14092816,0.47186348,1333.0,32.02528,0.8955261,-0.44148928,1
0.043215804,0.06439658,0.048823968,0.29205477,0.1999679,0.104343735,0.71354055,0.1871598,0.47354123,-0.14806414,0.48226395,834.0,23.596445,0.9070476,-0.4145293,1
0.0408107,0.062520966,0.04719815,0.28542572,0.19319682,0.10114693,0.7162071,0.19269653,0.476699,-0.15149435,0.47172493,742.0,27.066963,0.9797169,-0.18523355,1
0.03947228,0.05938438,0.061591256,0.2323671,0.19743873,0.12271239,0.5809525,0.08126546,0.30881736,-0.024129078,0.32693818,379.0,19.877396,-0.8503273,-0.44573337,1
0.045169614,0.06597445,0.06459081,0.24742527,0.21086949,0.12324271,0.5859777,0.07976478,0.3350237,-0.030163592,0.35263604,496.0,34.35335,0.36358917,-0.9248782,1
0.042594492,0.06385396,0.04759594,0.29323184,0.19797528,0.10276179,0.7207039,0.19392343,0.4809927,-0.15523821,0.48762485,768.0,29.791689,-0.9666159,-0.23265007,1
0.041171197,0.060914475,0.06421498,0.23160836,0.20256057,0.12607068,0.56585586,0.06690434,0.29506254,-0.01112769,0.31991354,347.0,23.648226,-0.57479185,-0.8146302,1
0.046035357,0.06711727,0.0637047,0.25411454,0.21225265,0.121394806,0.59911364,0.08976166,0.35343924,-0.041993134,0.36870334,465.0,20.897646,-0.9509317,-0.1393739,1
0.04286391,0.0640563,0.04771332,0.29421115,0.19871758,0.1030681,0.7209131,0.19372693,0.4811302,-0.15534401,0.4894669,745.0,23.744776,0.9958631,-0.040698677,1
0.043577436,0.06471693,0.049484905,0.29154813,0.20110255,0.105190404,0.70979404,0.18358967,0.4697243,-0.14433366,0.4796649,1137.0,25.86322,0.6444642,0.75599927,1
0.04118377,0.0608254,0.06463655,0.23038076,0.20285739,0.12683757,0.5618118,0.063529424,0.28985968,-0.007551291,0.31646958,474.0,21.595041,-0.0074619376,-0.99160475,1
0.044553544,0.06504433,0.065654054,0.24136518,0.21017322,0.12538116,0.5723131,0.06907931,0.31625134,-0.017964436,0.33761048,326.0,21.601309,-0.013906151,-0.9974474,1
0.046729423,0.067984596,0.06267635,0.26065788,0.21329346,0.11968936,0.6123123,0.09993518,0.3706311,-0.053856358,0.38480517,704.0,19.3447,-0.12054598,0.9420821,1
0.04272265,0.063987084,0.04818559,0.29179123,0.19849081,0.10341127,0.71653605,0.19029948,0.47666693,-0.15113376,0.4831586,646.0,21.924185,-0.94416535,-0.3126368,1
0.041181065,0.06082203,0.06463563,0.23037228,0.20285146,0.12683856,0.5618041,0.063525654,0.28983924,-0.007543513,0.31645364,429.0,20.754044,0.9655822,-0.23760897,1
0.043349594,0.06457426,0.049992997,0.28857344,0.200674,0.10554275,0.70467836,0.17966256,0.46440795,-0.1394738,0.47209644,870.0,18.265032,-0.42395735,0.8309674,1
0.04467032,0.06578411,0.052337866,0.2868948,0.20474933,0.108443506,0.6914338,0.16708319,0.45138884,-0.12652276,0.46322367,1193.0,27.971527,-0.69106823,-0.7185331,1
0.04386482,0.06480802,0.048149403,0.2978493,0.20147528,0.10420606,0.72167873,0.19300877,0.48163328,-0.15573041,0.49631882,872.0,22.995064,-0.9189685,-0.34231794,1
0.0425252,0.0624963,0.06509546,0.23458156,0.20579912,0.12634335,0.56556255,0.065358095,0.2998912,-0.011336065,0.3243839,318.0,22.278454,0.17191887,-0.95779437,1
0.046228774,0.067196794,0.065530784,0.24890792,0.21351376,0.12378469,0.58318883,0.07654088,0.3357277,-0.028026257,0.35390693,627.0,24.949648,-0.01583321,0.9979431,1
0.044126943,0.065286994,0.051546212,0.2869862,0.20313735,0.107445374,0.69547254,0.17107697,0.45518878,-0.13047117,0.46518192,1299.0,20.447853,0.84591204,-0.5306679,1
0.046202924,0.067347504,0.063238725,0.2564118,0.21239947,0.12067613,0.60432583,0.09388069,0.3599576,-0.04665177,0.37456322,658.0,29.913572,0.96929574,0.24047615,1
0.0398609,0.060333293,0.059625395,0.2400604,0.19700272,0.11886383,0.6020806,0.09851593,0.33766618,-0.043412935,0.34729603,748.0,27.81043,-0.22688074,0.9737788,1
0.043023862,0.06438196,0.052680247,0.27752468,0.20078985,0.10824705,0.68092394,0.16042754,0.43880257,-0.1168576,0.44228426,987.0,22.03313,-0.30688506,-0.9149134,1
0.0433952,0.06459944,0.04981809,0.28942752,0.20073572,0.10539837,0.70630074,0.1809434,0.46610203,-0.14102197,0.47433433,1041.0,33.036785,-0.21728946,0.95974404,1
0.043502256,0.06464925,0.04933958,0.29168263,0.20086482,0.10500842,0.71063715,0.18438388,0.4705783,-0.14516918,0.48028547,1035.0,20.538364,0.87085783,0.48270425,1
0.043100424,0.06436715,0.049775247,0.28807846,0.1999675,0.10519154,0.7053444,0.18053822,0.4650416,-0.14018437,0.47152275,888.0,22.097809,0.12401686,0.99067235,1
0.03873257,0.059714545,0.056359015,0.24516621,0.19260186,0.11377356,0.6261738,0.12007352,0.36605766,-0.06556681,0.36510557,514.0,23.264282,0.66910315,-0.73316747,1
0.044144202,0.06530446,0.051602885,0.28687155,0.20319869,0.10750826,0.69508547,0.17073648,0.45479837,-0.1300989,0.46480817,1206.0,24.220165,0.28267923,-0.95573413,1
0.039670087,0.060761373,0.056283794,0.24967267,0.19463706,0.11331923,0.6320797,0.12386766,0.37563768,-0.07111695,0.37482828,361.0,26.215967,0.20240787,-0.97596776,1
0.039136406,0.06043705,0.054799672,0.25193033,0.19261223,0.11107045,0.64268464,0.13343626,0.38804293,-0.081070684,0.3828656,450.0,23.04801,-0.5572542,-0.8216841,1
0.040049117,0.061379064,0.054868642,0.25595504,0.19472946,0.11100822,0.64694685,0.13585019,0.39499,-0.08505473,0.39128003,384.0,18.865726,0.9174027,-0.39297938,1
0.0408555,0.062552914,0.04708972,0.28603357,0.19327371,0.10105691,0.71728355,0.19352901,0.47786415,-0.15253462,0.47328526,614.0,18.474339,-0.7657512,-0.6344088,1
0.040174328,0.06203632,0.046541512,0.2844349,0.19130728,0.10001024,0.7187624,0.19575232,0.47971648,-0.15425232,0.47112212,522.0,20.310366,-0.9324023,0.33592412,1
0.045162436,0.06596563,0.06458977,0.24739769,0.21085416,0.12324663,0.5859464,0.07974552,0.3349601,-0.03013394,0.3525794,515.0,31.011372,0.6445086,-0.76455283,1
0.04486222,0.06547045,0.065467365,0.24327236,0.21069534,0.124816746,0.5759058,0.07176066,0.32181233,-0.021215547,0.34203532,455.0,25.121979,-0.2150552,-0.9684243,1
0.04340625,0.064463615,0.047949612,0.29618248,0.20021182,0.1036847,0.72133017,0.19333553,0.4814043,-0.1555547,0.49317792,839.0,28.42377,0.64375997,0.76226056,1
0.043518316,0.064547785,0.047998436,0.29658982,0.20052059,0.10381211,0.7214157,0.19325532,0.48146048,-0.15559784,0.49394524,960.0,20.118105,0.23499173,0.9695946,1
0.03904784,0.060098216,0.056181673,0.2471542,0.1931951,0.113358095,0.6295745,0.12253704,0.37112772,-0.06875789,0.36970475,533.0,17.952106,0.9050554,-0.4142308,1
0.041120112,0.060746104,0.06461477,0.23018141,0.2027178,0.12686102,0.56163085,0.06344113,0.28937846,-0.0073685534,0.31609493,605.0,26.85131,-0.9523159,-0.29619667,1
0.042698044,0.06408319,0.0532984,0.27380395,0.20023699,0.10889536,0.6741179,0.15519115,0.43090904,-0.11046048,0.43292102,669.0,27.859049,0.01672213,0.99954796,1
0.041436117,0.061139725,0.06472288,0.231171,0.20341079,0.1267446,0.5625264,0.063877985,0.29176265,-0.008272807,0.31795552,341.0,21.217741,0.54644835,-0.8224398,1
0.041608647,0.06311355,0.047166422,0.28964844,0.1952591,0.101640955,0.7199267,0.19465433,0.48048195,-0.15484446,0.48089296,589.0,26.24928,-0.37997755,0.91999793,1
0.04124618,0.06284132,0.0470085,0.2883309,0.19426042,0.101228856,0.7196363,0.19492786,0.480291,-0.15469702,0.47842112,543.0,25.140343,0.67030257,-0.7373744,1
0.039034657,0.060848955,0.051002603,0.26371333,0.19039366,0.10529901,0.6758817,0.16145903,0.42929274,-0.11274902,0.41643673,361.0,21.46654,0.24461024,-0.94840115,1
0.042413685,0.06371816,0.047517166,0.29257464,0.19747712,0.10255623,0.7205627,0.1940561,0.48089996,-0.1551668,0.48638922,1050.0,25.056238,0.8309149,-0.5327225,1
0.044157837,0.06509492,0.048892293,0.29667652,0.20244387,0.10505099,0.71703297,0.18879743,0.47700375,-0.15113585,0.49208584,1210.0,25.75559,0.9886091,0.14672346,1
0.041959163,0.06339478,0.047683775,0.28963232,0.19634347,0.102403976,0.71727544,0.19196194,0.47757912,-0.15212195,0.47966024,1315.0,36.310345,0.83724326,0.5438336,1
0.039434254,0.060133252,0.05820434,0.24257697,0.19523226,0.11663132,0.612979,0.10814006,0.35062012,-0.05336585,0.35564443,719.0,26.738873,-0.83564895,0.54833597,1
0.0373484,0.05875508,0.053685717,0.24715558,0.18792062,0.10961515,0.6430961,0.13614848,0.3855149,-0.08153736,0.3751868,721.0,22.559586,0.83583397,0.48893106,1
0.044055752,0.06528373,0.052716054,0.2824935,0.2033415,0.10859035,0.68547404,0.16291952,0.44466972,-0.120993614,0.4528985,1013.0,33.448837,-0.22741468,0.9733075,1
0.04243548,0.06382424,0.0492776,0.28645286,0.19810323,0.10432176,0.70644546,0.18233106,0.4660771,-0.14143999,0.46915144,1267.0,25.827948,0.88526297,-0.45463392,1
0.0429916,0.06434264,0.053889774,0.2732041,0.2011794,0.10964679,0.67049354,0.15182798,0.4272089,-0.10700206,0.4303299,899.0,22.494946,0.92714596,0.3451539,1
0.03956912,0.059824973,0.060308438,0.23668335,0.196813,0.12027281,0.59387136,0.0919739,0.32612002,-0.03586796,0.3387225,437.0,23.4755,0.8663029,-0.42279688,1
0.0423232,0.063650206,0.04747774,0.29224575,0.19722782,0.10245335,0.7204918,0.19412269,0.48085338,-0.15513091,0.485771,744.0,23.927172,-0.89438367,0.44440997,1
0.047110453,0.068429746,0.061759606,0.26551896,0.21376476,0.11843958,0.6225869,0.1079824,0.3830606,-0.06308734,0.39711487,931.0,25.34141,0.97086096,-0.23862457,1
0.042832624,0.06405165,0.04795296,0.29319063,0.19870701,0.10326772,0.7188693,0.19207983,0.47904882,-0.1533651,0.48671257,775.0,24.973827,-0.3685499,-0.9217006,1
0.04259859,0.063857034,0.047597725,0.29324675,0.19798657,0.10276645,0.72070706,0.19392042,0.48099482,-0.15523984,0.48765287,633.0,33.508877,0.92693096,-0.36499825,1
0.040973216,0.06102694,0.062667616,0.23550165,0.20118481,0.123442665,0.57965076,0.07858462,0.31219044,-0.023360727,0.33130068,406.0,33.661167,0.016551353,-0.9928938,1
0.03987069,0.06081171,0.057265256,0.24747972,0.19563447,0.11484945,0.6241759,0.11700201,0.3660491,-0.06376803,0.36805034,314.0,18.398321,0.6739738,-0.7221042,1
0.042524684,0.06380153,0.047565524,0.2929781,0.19778295,0.10268243,0.7206495,0.19397455,0.48095694,-0.15521067,0.48714775,644.0,28.487185,0.8338108,0.54972523,1
0.041856542,0.06166341,0.064866714,0.23248759,0.20433277,0.1265897,0.5637076,0.064454004,0.2949167,-0.009465015,0.32043415,414.0,23.182384,-0.7092471,-0.70407104,1
0.04348227,0.06469006,0.050192922,0.28853753,0.20107603,0.10580976,0.70364094,0.17863373,0.4633676,-0.13844061,0.47156686,861.0,24.255207,-0.54190665,-0.83595675,1
0.04088368,0.060629867,0.06383931,0.23154344,0.20174694,0.12565278,0.56775194,0.068767965,0.29644957,-0.012715048,0.32054725,390.0,19.068922,-0.3149804,-0.92610306,1
0.042691875,0.06402119,0.049212523,0.28798842,0.19873817,0.10439948,0.7081116,0.18336834,0.46787617,-0.14297472,0.4726085,1414.0,27.869942,0.2573682,0.9453923,1
0.04458733,0.0650897,0.06564374,0.24154107,0.21023554,0.12533447,0.57261074,0.06929428,0.31674665,-0.018236624,0.33800447,318.0,20.707897,-0.0778454,-0.9862451,1
0.041345064,0.06102631,0.06469173,0.23088586,0.2032111,0.12677814,0.56226903,0.063752495,0.29107687,-0.008013012,0.31741923,562.0,22.160965,-0.44207484,0.89631003,1
0.04204841,0.063443825,0.04735802,0.29124692,0.19647072,0.10214093,0.72027564,0.19432595,0.4807113,-0.15502141,0.48389426,716.0,27.959188,0.7495071,-0.63002443,1
0.040198807,0.062054705,0.046552178,0.28452387,0.19137472,0.10003807,0.7187826,0.1957332,0.47972977,-0.1542626,0.47128862,579.0,23.375233,-0.80619466,-0.58572924,1
0.043045454,0.06432768,0.049847893,0.28754184,0.19985063,0.10523397,0.70450854,0.17991908,0.4641525,-0.13939469,0.47020125,1112.0,34.851433,-0.9735293,0.18614453,1
0.040719263,0.06244559,0.046778932,0.28641567,0.19280867,0.10062979,0.71920955,0.19533022,0.48001048,-0.15448005,0.47483104,772.0,19.161081,-0.2976752,0.93636096,1
0.03914088,0.059629966,0.05893062,0.23903188,0.19504811,0.1180709,0.6044427,0.10132642,0.33872876,-0.045464557,0.34659946,497.0,20.642256,-0.27522096,-0.9455209,1
0.042862315,0.06406751,0.047875974,0.29362008,0.19876169,0.10321725,0.7196104,0.19265212,0.4798007,-0.15407588,0.48781648,985.0,23.000845,0.014758371,-0.9769024,1
0.043037485,0.06439412,0.052953277,0.27664796,0.20092627,0.10856132,0.67868274,0.15855479,0.43635148,-0.11473136,0.43979448,995.0,20.716778,0.7905852,-0.54353625,1
0.042849053,0.064222865,0.05316586,0.27499434,0.20055012,0.10876684,0.67597616,0.15654524,0.4331535,-0.11219729,0.4357707,897.0,21.89094,0.8190433,-0.5731657,1
0.04296129,0.06431841,0.053671252,0.2738059,0.20101985,0.1093826,0.67221373,0.15328999,0.42909244,-0.108627476,0.43210295,934.0,25.323322,0.91282976,0.40394446,1
0.044700112,0.0652054,0.065839514,0.24139246,0.21056867,0.12554207,0.57140195,0.068200104,0.31572494,-0.017216679,0.337296,476.0,23.490902,-0.12411967,-0.9849197,1
0.03936081,0.05935135,0.06117635,0.23314326,0.19693919,0.122025,0.5842863,0.08417937,0.3128609,-0.027116472,0.3294397,461.0,24.126167,0.54105216,-0.8199414,1
0.043515187,0.06454543,0.047997072,0.29657844,0.20051196,0.10380855,0.7214133,0.19325756,0.4814589,-0.15559663,0.49392378,940.0,18.203522,0.8211016,-0.3049324,1
0.044599593,0.06576056,0.059366915,0.2621902,0.20719068,0.11632124,0.6307535,0.117174596,0.3853753,-0.07017071,0.39493752,517.0,22.80914,0.4133302,-0.90783584,1
0.040847737,0.06040683,0.064521596,0.22932844,0.20212047,0.12696137,0.5608536,0.06306186,0.28731406,-0.006583443,0.31449288,450.0,21.324976,-0.987936,0.12905921,1
0.040757004,0.060293812,0.06449056,0.2290443,0.20192151,0.12699479,0.56059355,0.06293491,0.28662446,-0.0063206987,0.31395954,560.0,26.403158,-0.44904873,-0.888981,1
0.039549615,0.06007122,0.059127238,0.24022909,0.19603822,0.11817697,0.6049709,0.1012931,0.34054145,-0.04601087,0.3487099,600.0,20.449423,0.15151308,-0.98405695,1
0.042511612,0.063914396,0.053204108,0.2732195,0.19974904,0.108749874,0.674018,0.155339,0.43058327,-0.110391594,0.43187454,670.0,28.52172,-0.87177324,-0.48261005,1
0.0402,0.0596,0.0643,0.2273,0.2007,0.1272,0.55898494,0.06214954,0.28236952,-0.004694838,0.31068924,368.0,31.346468,0.41334596,0.90261513,0
0.04467395,0.06583728,0.053198192,0.28385594,0.20503008,0.10928314,0.68433446,0.16123566,0.44404846,-0.11981361,0.45477027,1037.0,49.59888,0.9689501,-0.2456503,0
0.039861683,0.06155715,0.05162228,0.2656776,0.19267751,0.106288455,0.6746152,0.15926535,0.42850456,-0.11137712,0.41923997,428.0,20.132483,-0.7534934,-0.6557866,1
0.04257578,0.06255931,0.06511277,0.23473996,0.20591006,0.12632471,0.56570166,0.06542585,0.30026546,-0.011476328,0.32468307,538.0,19.55572,-0.28476903,-0.9531561,0
0.041163344,0.060799953,0.06462956,0.23031679,0.2028126,0.12684509,0.56175375,0.0635011,0.2897053,-0.0074926806,0.31634936,538.0,27.695808,0.09571093,-0.9936361,0
0.047728706,0.069087125,0.064670205,0.25831574,0.21626057,0.121605106,0.59954786,0.08861625,0.3598398,-0.0427849,0.37575635,1429.0,21.017252,-0.9880541,-0.094507515,1
0.047848947,0.06923465,0.064493336,0.25944942,0.21644427,0.12131884,0.6018226,0.090367146,0.3627681,-0.04481325,0.37854305,1121.0,28.665234,-0.7874615,0.6101548,0
0.04703088,0.06828574,0.06396067,0.2576441,0.21448009,0.12113405,0.6022405,0.0914251,0.36039576,-0.044989713,0.37574095,722.0,27.355606,0.79640955,0.5993124,0
0.04638092,0.06764392,0.05939419,0.2703411,0.2112345,0.115950696,0.63974625,0.12273588,0.399673,-0.07847668,0.4123764,1442.0,33.439087,-0.9985905,-0.01534753,0
0.04322039,0.06448765,0.05616428,0.26656458,0.20266013,0.11246008,0.65194136,0.13619158,0.40658173,-0.089623146,0.41113165,742.0,27.67777,0.6962686,-0.5455297,1
0.040707096,0.062445592,0.04756739,0.283613,0.19306535,0.10149426,0.7127403,0.18995546,0.47290394,-0.14813158,0.46696797,936.0,20.012964,-0.9981623,-0.0066172695,0
0.0402,0.0596,0.0643,0.2273,0.2007,0.1272,0.55898494,0.06214954,0.28236952,-0.004694838,0.31068924,967.0,31.061287,0.9941029,-0.08457718,0
0.043318443,0.06464192,0.052689582,0.27894202,0.20151526,0.10833688,0.6822403,0.16115223,0.44052267,-0.11805675,0.44531178,1300.0,21.355776,-0.9725302,-0.22661333,1
0.04406317,0.06511968,0.060126856,0.25720423,0.20634173,0.11751634,0.62104654,0.10972484,0.37277883,-0.06129402,0.38267702,473.0,22.510874,0.4714072,0.8799669,0
0.046073962,0.066929564,0.06619795,0.24605884,0.21352562,0.124872416,0.57600313,0.070788324,0.32670859,-0.021699905,0.34650156,618.0,20.186123,-0.9056869,-0.42004794,0
0.03980136,0.06175621,0.046379015,0.2830792,0.19027968,0.099586196,0.7184528,0.19604476,0.47951293,-0.15409441,0.4685859,701.0,24.73277,-0.7003308,-0.7110862,0
0.04342185,0.06467734,0.05643135,0.26661304,0.20324205,0.112784795,0.6506279,0.13487348,0.40545365,-0.08839873,0.41065958,721.0,35.991386,0.9127259,-0.3740691,0
0.040736727,0.062458705,0.04678654,0.28647915,0.19285679,0.10064965,0.7192238,0.19531679,0.48001984,-0.1544873,0.47494996,602.0,28.39673,0.7887665,-0.58490354,1
0.04015486,0.0620217,0.04653303,0.28436413,0.19125363,0.0999881,0.7187463,0.1957675,0.4797059,-0.15424411,0.47098967,571.0,26.294193,0.56317765,-0.82310605,1
0.043259338,0.06458185,0.05448365,0.2724643,0.20205678,0.11038697,0.66671365,0.14837597,0.42334282,-0.103419416,0.42743948,1409.0,31.41069,0.37562013,0.9200023,0
0.044453673,0.06489843,0.0657552,0.24062072,0.21002823,0.12563287,0.57075477,0.06788541,0.31395692,-0.016565617,0.33582792,340.0,26.417913,0.7884701,0.6076729,1
0.043172885,0.06442186,0.04973964,0.28857353,0.20014146,0.105196595,0.705955,0.18094815,0.4656954,-0.14075214,0.47267082,913.0,27.719252,-0.7043585,-0.70717865,0
0.039872665,0.061245635,0.054509643,0.25629014,0.19413765,0.1104888,0.6492298,0.13798547,0.39751828,-0.08721481,0.3927821,363.0,27.845242,0.69265056,-0.7210241,0
0.04330565,0.06448217,0.049080245,0.2916007,0.20027821,0.104642,0.7118697,0.18566053,0.4718288,-0.14641973,0.48069933,913.0,26.261606,-0.9732497,-0.10659994,1
0.045085635,0.066237696,0.060370248,0.26103392,0.2087095,0.11745845,0.6243344,0.11138938,0.3793352,-0.06439475,0.39036188,627.0,20.199408,-0.97797567,-0.18029279,0
0.045801144,0.06702887,0.06000743,0.26554167,0.21015562,0.11678578,0.63134634,0.116431296,0.3890798,-0.070815735,0.4007835,937.0,22.557016,0.36750427,-0.91888165,0
0.046241976,0.06726872,0.06493305,0.25093788,0.21325603,0.1229369,0.58886343,0.08117695,0.34236324,-0.033006262,0.35943758,663.0,20.847271,-0.27464423,0.9376182,1
0.04544004,0.06660828,0.060793526,0.26121843,0.20967633,0.11787235,0.62241447,0.109455675,0.37813127,-0.06270463,0.38987732,657.0,38.545467,0.9982976,-0.05630846,0
0.04717688,0.06842758,0.06464672,0.2559699,0.21508326,0.12191804,0.59673506,0.086798385,0.35473976,-0.04017455,0.37077457,1475.0,23.844788,0.29606894,-0.9331787,0
0.047293354,0.06850988,0.065697744,0.2529451,0.21578766,0.1232045,0.5876402,0.0792721,0.34491754,-0.032237016,0.36219978,1375.0,34.28643,0.99724495,-0.046293713,0
0.046003662,0.06717918,0.056183822,0.27979967,0.20923732,0.11256517,0.6655561,0.14428836,0.42622194,-0.10213073,0.4395397,1080.0,28.111366,-0.67454493,-0.72827744,0
0.046560984,0.06778645,0.06280469,0.2594682,0.21298191,0.11993025,0.6102391,0.098394066,0.36778733,-0.05197965,0.38199285,659.0,20.740723,0.22630799,-0.9706039,0
0.04514991,0.06637455,0.058440555,0.2678851,0.20805249,0.115051046,0.64182675,0.12571523,0.39911106,-0.08031011,0.40910202,647.0,43.3691,-0.990488,0.12762824,0
0.04171879,0.06326004,0.05030888,0.27924806,0.19666393,0.10511069,0.6946878,0.17352815,0.45305946,-0.13028504,0.4513036,969.0,21.756544,0.5984488,-0.7886873,0
0.04303687,0.06433247,0.05557812,0.2676759,0.2019817,0.11172389,0.6561335,0.13987683,0.41104928,-0.093534276,0.41478232,731.0,25.95763,0.9648882,-0.2565084,0
0.041598845,0.063161515,0.0498896,0.28009456,0.19620377,0.10458013,0.69762427,0.17613077,0.45626718,-0.13314864,0.45407438,1093.0,18.993855,-0.89974827,-0.40428966,0
0.040696323,0.06021823,0.0644698,0.22885428,0.20178844,0.12701716,0.5604193,0.06284988,0.2861627,-0.006144667,0.31360295,587.0,17.456192,-0.7016536,0.18207201,0
0.044572804,0.06580707,0.05488342,0.27743557,0.20535612,0.11100856,0.66969436,0.14929721,0.42844516,-0.10608683,0.4372547,839.0,31.311344,-0.9797427,-0.04737112,0
0.041265316,0.06256197,0.055445526,0.25976285,0.19781101,0.11168232,0.64819765,0.13539201,0.39866054,-0.086186096,0.39814088,487.0,24.860027,0.8574742,-0.46648356,0
0.038781904,0.059179824,0.059021525,0.23717417,0.19434482,0.118455075,0.6014694,0.09925253,0.33382827,-0.04267669,0.34248558,585.0,25.332638,0.7926793,0.5916952,1
0.04344786,0.06474512,0.052192368,0.2813156,0.20165625,0.10783646,0.68700975,0.16493578,0.44578752,-0.12256024,0.45152387,1163.0,27.924957,-0.52001685,-0.84874386,0
0.040076654,0.060243882,0.061185148,0.23619944,0.19841889,0.12148988,0.58851165,0.08692812,0.32069606,-0.031111548,0.33585924,524.0,23.097013,-0.67276186,-0.7345435,0
0.03861094,0.059458826,0.056929838,0.24284299,0.19267756,0.11481071,0.62018013,0.11518499,0.35797834,-0.059967708,0.35895005,636.0,25.37055,0.29218677,-0.9328324,1
0.039474364,0.059899665,0.05949327,0.23876956,0.19610412,0.11887105,0.60106814,0.09810995,0.3352486,-0.04242184,0.34484926,577.0,31.677366,-0.041391466,0.9953709,1
0.038922306,0.060900625,0.049397986,0.26845378,0.18935135,0.10301447,0.68917596,0.17278624,0.44536594,-0.12566115,0.43022153,694.0,31.902472,0.44271424,-0.89581084,1
0.042504072,0.06246998,0.065088235,0.23451538,0.20575279,0.12635113,0.5655044,0.065329716,0.2997348,-0.01127738,0.32425895,399.0,19.501211,-0.8647922,0.47379088,0
0.044251032,0.06464602,0.06568588,0.23998614,0.20958385,0.12570752,0.5702199,0.06762526,0.3124982,-0.016027393,0.3346217,389.0,23.568514,-0.73279846,0.67417353,0
0.036557283,0.05893437,0.048218515,0.26069006,0.18298137,0.10069326,0.6878137,0.17514919,0.44273433,-0.12498402,0.41634262,833.0,34.813618,0.3604008,0.925845,0
0.037536304,0.058810756,0.05438514,0.24584721,0.1887627,0.11077389,0.637713,0.13134655,0.37875864,-0.07641649,0.37086773,858.0,28.114855,-0.59587085,-0.8004878,0
0.045463644,0.06669092,0.058989823,0.26746467,0.20898676,0.11564933,0.6386031,0.12273635,0.39626676,-0.07738225,0.40704188,666.0,27.77662,-0.10910551,-0.99156994,0
0.04271499,0.06394445,0.047648437,0.29366985,0.19830728,0.10289879,0.72079766,0.19383538,0.4810543,-0.15528564,0.48844862,629.0,23.188738,-0.40100175,-0.9114444,1
0.042146597,0.062024705,0.06496594,0.23339592,0.20496885,0.12648284,0.56451577,0.06484797,0.2970808,-0.010280392,0.32214636,366.0,13.475051,0.69710654,-0.10382094,1
0.04206264,0.063454516,0.04736422,0.29129863,0.19650993,0.102157116,0.7202869,0.19431537,0.48071864,-0.15502708,0.4839914,557.0,18.336193,0.8040895,0.54346395,0
0.03964491,0.059435528,0.062233835,0.23116507,0.19821239,0.12377696,0.57577324,0.07674526,0.30255112,-0.019508015,0.32307068,601.0,27.973938,-0.84997404,-0.51973826,0
0.043206118,0.06439455,0.057494327,0.26203242,0.2032135,0.11419896,0.64012825,0.12642545,0.3929323,-0.07868363,0.3985691,409.0,18.152231,-0.4412565,-0.8911114,0
0.04323597,0.06449917,0.056249045,0.26635203,0.20273271,0.11256712,0.651278,0.13562435,0.4058515,-0.08900621,0.4104932,718.0,22.419872,-0.21781485,-0.67697906,0
0.04506286,0.06611478,0.061863825,0.25593206,0.20932758,0.11944441,0.61066943,0.100168765,0.36360204,-0.052087087,0.3763511,370.0,23.7327,0.9940205,0.081636414,1
0.041464426,0.06117499,0.06473257,0.23125966,0.20347287,0.12673417,0.56260633,0.06391698,0.29197568,-0.008353492,0.31812233,392.0,23.892004,-0.29886994,-0.9505729,1
0.044981487,0.066176966,0.059202757,0.26450405,0.2079799,0.116012394,0.6342199,0.11963188,0.39023715,-0.07335739,0.40024132,451.0,32.95704,-0.6042431,-0.7903429,0
0.0466983,0.06791605,0.05775813,0.27757016,0.21140249,0.1141949,0.6555129,0.13531977,0.41702357,-0.09286339,0.43138233,1040.0,23.692524,0.8129013,-0.5776459,0
0.04205607,0.06335133,0.055612415,0.26292422,0.19971432,0.11182616,0.6508256,0.13662913,0.40319657,-0.08861849,0.4045335,440.0,25.3648,-0.8028886,-0.59299237,0
0.043255538,0.06432557,0.058991354,0.2572902,0.20402022,0.11623591,0.6269694,0.11547538,0.377629,-0.066602245,0.38524926,394.0,17.861162,-0.22303145,0.9661329,0
0.044536717,0.06571609,0.05313944,0.28338382,0.20467168,0.109179564,0.6841856,0.16127703,0.44376084,-0.11969545,0.453882,909.0,16.266043,-0.7837867,-0.5574321,0
0.04410166,0.0653245,0.052749626,0.28260294,0.20346642,0.108640194,0.68540794,0.16280912,0.44464102,-0.12092307,0.45305997,1067.0,35.057426,0.68793,0.7251476,0
0.039028335,0.05925284,0.059938803,0.23545825,0.1954492,0.11997474,0.5941814,0.09284836,0.3249094,-0.03604359,0.33692095,830.0,20.97593,-0.8906068,-0.35746053,0
0.04740555,0.068722114,0.06411352,0.25878283,0.21534334,0.12110987,0.6028848,0.09162011,0.36239958,-0.045644563,0.3778747,1059.0,25.383724,0.960036,0.2640376,0
0.0402,0.0596,0.0643,0.2273,0.2007,0.1272,0.55898494,0.06214954,0.28236952,-0.004694838,0.31068924,387.0,23.468975,0.4746181,0.7560803,0
0.04420472,0.06529179,0.05994366,0.258455,0.2065691,0.11721225,0.62346786,0.1115768,0.37597835,-0.06350792,0.38573408,412.0,28.5271,0.13066423,0.9893969,0
0.045550555,0.06637297,0.06525901,0.24688637,0.21198907,0.12392997,0.5818679,0.07604961,0.33158302,-0.026661826,0.35014224,544.0,25.687841,0.7803849,0.6135007,0
0.042746343,0.06413356,0.051585097,0.2799496,0.19969967,0.106934816,0.6888103,0.16730961,0.4472002,-0.1244139,0.4499394,964.0,26.839005,0.02129633,-0.9521794,1
0.03731089,0.05983213,0.045977436,0.27175435,0.18373339,0.097684965,0.71058965,0.19324552,0.4711718,-0.14728646,0.44521844,412.0,20.20029,-0.21533935,-0.96629024,0
0.044057436,0.06496508,0.048346117,0.29813892,0.20203538,0.10451848,0.72093385,0.19214009,0.48085654,-0.15494142,0.4964935,1259.0,21.545025,-0.98912376,0.135591,0
0.040807877,0.06035718,0.06450796,0.22920363,0.20203306,0.12697606,0.5607394,0.06300616,0.28701124,-0.0064681163,0.31425858,549.0,25.662783,-0.9937297,-0.014282251,1
0.04462637,0.06579587,0.05319013,0.2836487,0.20490982,0.10925952,0.68418056,0.16116571,0.44384202,-0.11967618,0.4543413,1102.0,23.329666,0.7863563,-0.6088745,1
0.04349713,0.06440463,0.06084952,0.25228167,0.2054573,0.11879687,0.61134803,0.10229491,0.35972115,-0.05243325,0.370662,413.0,14.128301,-0.65615696,0.25528154,0
0.036072284,0.05892847,0.045006115,0.26869962,0.18012935,0.09570985,0.71306795,0.19733635,0.47471258,-0.1502837,0.44096854,1131.0,28.085308,-0.3878078,-0.8991348,0
0.040184535,0.060562305,0.060364213,0.23919426,0.19813526,0.11995247,0.5969788,0.093885735,0.33201414,-0.03881794,0.34390512,572.0,26.367855,0.07305489,0.9959536,1
0.03846432,0.060664486,0.047383722,0.2728803,0.18728891,0.10012169,0.70409584,0.1859998,0.46315733,-0.14042042,0.44434562,1024.0,39.11508,0.15828028,0.9849274,0
0.042265616,0.06370359,0.052650444,0.27391192,0.19893032,0.10803532,0.6775474,0.15857635,0.43429193,-0.11377513,0.43458825,847.0,22.185253,-0.15000063,-0.9607714,0
0.0402,0.0596,0.0643,0.2273,0.2007,0.1272,0.55898494,0.06214954,0.28236952,-0.004694838,0.31068924,347.0,28.262272,0.69801867,0.71446496,0
0.047077913,0.068228595,0.06589313,0.2513621,0.21543065,0.12362693,0.5846049,0.076975144,0.34063706,-0.029522752,0.35842556,1148.0,32.807415,-0.9868991,-0.15892124,0
0.04674327,0.06775039,0.06653849,0.24779078,0.21504928,0.12478933,0.5766319,0.070740424,0.33013424,-0.02247143,0.34951732,996.0,30.02166,0.99663097,0.06897098,0
0.04445043,0.06557667,0.051941782,0.28720394,0.20407505,0.10797105,0.6936905,0.16920912,0.45355323,-0.12870723,0.46476993,1489.0,36.09823,-0.008410615,-0.9996184,0
0.04486881,0.06609334,0.055430975,0.276958,0.2062617,0.111641005,0.6664692,0.1463026,0.42541793,-0.103054196,0.43503964,959.0,24.696018,-0.9333208,0.31233105,0
0.042973362,0.06402447,0.058898088,0.2563111,0.20334898,0.11620111,0.62629205,0.11522017,0.37612185,-0.0659578,0.38335618,391.0,20.18672,-0.9407026,-0.31841037,0
0.03606951,0.058786314,0.0461839,0.2648492,0.18071643,0.09744582,0.70302904,0.18882239,0.46206367,-0.14023438,0.4299589,622.0,42.347603,0.9474562,-0.31063917,0
0.045433912,0.06666766,0.058347397,0.26953354,0.20866798,0.11490113,0.644094,0.12728016,0.40223324,-0.082394324,0.41283947,814.0,25.720823,-0.92395866,-0.3341656,0
0.043471176,0.06367462,0.065419085,0.23754394,0.20787363,0.12599483,0.5681382,0.066612355,0.3068424,-0.013931616,0.32998773,495.0,19.271242,-0.9610234,-0.25366044,0
0.035925414,0.0586428,0.04634534,0.26360953,0.18044172,0.09763721,0.70095426,0.18729326,0.4594431,-0.13821934,0.42693207,1069.0,26.922829,0.7978616,0.5518381,0
0.046242256,0.06749828,0.059132613,0.2706016,0.21082063,0.11568125,0.6413317,0.12417576,0.40105417,-0.079909414,0.41348395,1085.0,26.057867,-0.23347357,0.8689106,0
0.042930197,0.06300077,0.06523401,0.23584983,0.20668727,0.12619415,0.5666721,0.06589856,0.30287945,-0.012454555,0.32678074,825.0,23.37049,-0.47474074,-0.84044343,1
0.04440045,0.064832136,0.065736994,0.24045405,0.20991151,0.12565248,0.5706145,0.06781721,0.31357422,-0.016424522,0.33551103,418.0,24.997185,0.3669964,0.92905366,0
0.046816014,0.06788289,0.06610266,0.24954073,0.2149901,0.12411926,0.5811561,0.07437749,0.33565667,-0.026433462,0.35411754,1059.0,20.209421,-0.6387578,0.7215746,0
0.042092286,0.06195706,0.06494736,0.23322585,0.20484975,0.12650284,0.5643649,0.06477444,0.2966764,-0.010128187,0.32182565,310.0,21.801779,-0.99379814,0.02684273,1
0.042372704,0.06381089,0.051863942,0.27713555,0.19888192,0.107132025,0.6847172,0.16439234,0.44240925,-0.12058201,0.44326517,677.0,33.56155,0.9594492,-0.27083835,0
0.04655536,0.06766958,0.06472962,0.2529752,0.2138147,0.122437894,0.5925172,0.08389318,0.34771642,-0.036303647,0.36419934,648.0,29.652288,-0.722689,-0.6762456,1
0.04064582,0.062390428,0.046746932,0.2861487,0.19260632,0.100546286,0.71914965,0.19538674,0.47997108,-0.15444955,0.4743309,602.0,21.625093,-0.3622662,-0.8987946,1
0.046093665,0.0673417,0.058683924,0.2714636,0.21031408,0.115202196,0.64449877,0.12692477,0.40412524,-0.08278719,0.41627976,735.0,27.834404,0.71661156,-0.6967392,0
0.04151282,0.061235268,0.06474912,0.2314112,0.203579,0.12671633,0.56274277,0.06398354,0.29233962,-0.0084912535,0.31840748,475.0,28.798826,-0.019262098,-0.9829846,1
0.04007407,0.060616102,0.059489343,0.24142125,0.19737282,0.11849837,0.60460454,0.1003852,0.3415287,-0.045756128,0.35046166,850.0,28.523998,0.77213585,-0.61327624,0
0.041899867,0.06171738,0.06488153,0.23262328,0.20442778,0.12657374,0.5638287,0.06451306,0.29524058,-0.009587207,0.32068983,465.0,19.73243,-0.65149844,-0.75396806,1
0.04446672,0.06569505,0.054237243,0.27917743,0.20487158,0.11029602,0.6746559,0.15350893,0.4336147,-0.11074216,0.4424123,776.0,22.568745,-0.946619,0.31394243,0
0.040566143,0.062326133,0.048735652,0.2788738,0.19315614,0.10277316,0.70247716,0.1815937,0.4614229,-0.1381503,0.45408562,961.0,32.72482,-0.061684564,0.99553996,0
0.044819713,0.06535438,0.065880425,0.241767,0.21083096,0.12549801,0.57171476,0.068352155,0.31658062,-0.017531276,0.33800897,842.0,28.037832,-0.97005075,-0.22543104,0
0.039015308,0.05924898,0.05989032,0.23554896,0.19539082,0.119894415,0.59456766,0.093187355,0.32538107,-0.036393873,0.33721468,927.0,26.109018,-0.54817003,-0.83078045,0
,,,,,,,,,,,,,,,0
0.044886723,0.065437846,0.06590335,0.24197686,0.21097791,0.12547332,0.57188964,0.068437174,0.3170594,-0.017707156,0.33840856,622.0,38.627117,0.46947822,-0.8817158,1
0.041792497,0.06325857,0.047396112,0.28978813,0.19581476,0.10200072,0.7188711,0.19351897,0.47930768,-0.15374228,0.48066145,1338.0,19.221518,-0.8671667,0.47557822,1
0.0402,0.0596,0.0643,0.2273,0.2007,0.1272,0.55898494,0.06214954,0.28236952,-0.004694838,0.31068924,1260.0,29.16321,0.96854305,-0.1526602,0
0.043846555,0.0641422,0.0655475,0.23871948,0.20869683,0.12585653,0.5691448,0.067102276,0.30957314,-0.014945308,0.33221668,711.0,16.14927,-0.09292915,0.9836921,1
0.039435938,0.05937361,0.06145599,0.23262013,0.19727588,0.12248829,0.58204025,0.08221583,0.3101358,-0.02510269,0.32775334,528.0,25.165356,0.9770505,0.19520564,0
0.043722354,0.06487965,0.050212912,0.2896871,0.20169567,0.105960116,0.70454305,0.17906903,0.46437073,-0.13924204,0.47400096,1302.0,24.770702,-0.20363486,-0.9729519,0
0.043574233,0.06467134,0.04893091,0.2935184,0.20093092,0.10467943,0.71422976,0.18725371,0.47423404,-0.14861596,0.48517823,1523.0,26.367218,-0.6751983,-0.7273367,1
0.043567467,0.06486538,0.05494399,0.27237028,0.20297344,0.11096135,0.6642738,0.14599296,0.42106864,-0.1011062,0.42623305,1028.0,22.99267,-0.9247886,-0.36656532,1
0.039021537,0.059250824,0.0599135,0.2355056,0.19541875,0.11993282,0.594383,0.09302527,0.32515556,-0.036226377,0.33707425,551.0,26.089014,-0.8851791,-0.46257284,1
0.042936534,0.06430425,0.052806213,0.27666074,0.20062414,0.108368866,0.67944455,0.15931073,0.43708813,-0.115468994,0.44014767,822.0,25.338652,0.5693288,-0.8013983,0
0.04004503,0.05955408,0.06372317,0.22837906,0.2000055,0.12624437,0.5636927,0.06623384,0.28800887,-0.008823436,0.31413758,769.0,26.754208,-0.8451508,0.47729546,0
0.042459752,0.06385419,0.053633805,0.27150348,0.19979972,0.10926625,0.6700852,0.15213935,0.426077,-0.106679685,0.42724296,879.0,45.806732,0.7552623,-0.6386792,0
0.04643314,0.067701645,0.060065154,0.2682598,0.21160358,0.116696075,0.6341115,0.118067384,0.39371714,-0.073374845,0.40650243,1336.0,25.483631,-0.4325991,-0.89949024,0
0.04076241,0.062477995,0.04679773,0.2865725,0.19292755,0.100678846,0.71924466,0.19529703,0.48003358,-0.1544979,0.47512484,783.0,22.010733,-0.81798756,0.5443001,0
0.046150558,0.067382745,0.061077278,0.2634877,0.21136764,0.11796963,0.62363607,0.10975987,0.38147926,-0.06389695,0.39415586,1150.0,19.699083,-0.07531022,0.9962382,0
0.044043876,0.0646997,0.063645154,0.24562398,0.20805316,0.12265843,0.58841574,0.082814,0.33388928,-0.032010376,0.3507239,347.0,23.952015,-0.13274045,0.98500174,1
0.037971873,0.0602612,0.0473242,0.27061045,0.18602633,0.09983298,0.70230234,0.18523282,0.46100822,-0.13882124,0.43962067,648.0,29.541101,0.28340477,0.93398786,0
0.046058863,0.067308985,0.05929536,0.26918262,0.21046197,0.11589497,0.63896906,0.12242533,0.3980695,-0.07775085,0.410092,1110.0,31.276667,-0.97820926,-0.20196529,0
0.04051856,0.061572522,0.05699735,0.25127757,0.19691944,0.11418375,0.6302174,0.121281765,0.3751254,-0.06941257,0.37669528,533.0,23.629894,0.96275336,0.1991972,0
0.0402,0.0596,0.0643,0.2273,0.2007,0.1272,0.55898494,0.06214954,0.28236952,-0.004694838,0.31068924,436.0,22.790981,0.96087056,-0.27195936,0
0.040996585,0.06265387,0.046899755,0.28742367,0.19357274,0.100945085,0.71943486,0.19511773,0.48015857,-0.15459462,0.47672004,531.0,23.986053,-0.628373,-0.7605717,1
0.04191795,0.061739903,0.06488772,0.2326799,0.20446743,0.12656708,0.5638792,0.064537674,0.29537567,-0.009638159,0.32079652,427.0,19.801367,-0.9152193,-0.38695142,0
0.04342196,0.064581804,0.049247093,0.29160145,0.20062947,0.104871824,0.7110324,0.18481565,0.47097656,-0.14557505,0.48032078,1076.0,21.383995,-0.5313708,0.8435144,0
0.043387234,0.06462614,0.056763902,0.26532796,0.20330487,0.11321269,0.6475297,0.132349,0.4018466,-0.08552706,0.40719035,552.0,32.56134,-0.42395175,0.89371395,0
0.038725168,0.060436428,0.051995475,0.25899214,0.19015893,0.10674103,0.6656106,0.15325178,0.4162901,-0.1029187,0.4041242,604.0,27.767435,0.5694313,0.8200625,0
0.038665425,0.06090148,0.045926627,0.27880597,0.18716772,0.098347664,0.71714187,0.19665971,0.47847426,-0.15325518,0.46046335,664.0,26.989008,0.9481307,0.25447494,0
0.04570862,0.066923134,0.05678342,0.27626842,0.20873627,0.11315657,0.65901154,0.1392402,0.41885307,-0.096098155,0.4306484,723.0,27.125118,0.7895947,-0.5977416,0
0.047127414,0.06840175,0.06391073,0.25824022,0.21466495,0.12101599,0.60322493,0.09214378,0.36182463,-0.04588109,0.37711942,1033.0,28.101383,-0.12873055,0.99098986,0
0.044274777,0.0646756,0.065694004,0.2400605,0.20963591,0.12569878,0.57028264,0.067655824,0.31266937,-0.016090607,0.334763,540.0,29.13546,-0.07430077,0.9874488,1
0.044170585,0.06541058,0.053526174,0.28021622,0.20390184,0.10947186,0.6792366,0.15763588,0.4381565,-0.11508608,0.44620726,1377.0,23.663168,0.41117993,-0.90977585,0
0.043697197,0.06498594,0.05513809,0.2723277,0.20335823,0.11120015,0.66324365,0.14498949,0.42011955,-0.10013306,0.42571932,1140.0,25.426193,-0.65136003,-0.7357158,0
0.046440143,0.06737281,0.066434786,0.2468415,0.21438453,0.124901004,0.575871,0.07037109,0.3280241,-0.02170757,0.34769848,710.0,26.177279,-0.19355528,-0.9750534,0
0.039346587,0.06003739,0.05817695,0.24227118,0.19502679,0.11662887,0.6127322,0.10803709,0.35007605,-0.053128075,0.35505608,823.0,24.946987,0.5225314,0.8462161,0
0.04165212,0.06318318,0.051556565,0.27463827,0.19699124,0.10656497,0.683891,0.16463566,0.44090208,-0.11993273,0.43858922,718.0,37.434177,0.99117464,-0.11121089,0
0.043700732,0.064684786,0.04807791,0.29725286,0.20102318,0.10401951,0.72155446,0.19312525,0.48155162,-0.1556678,0.49519458,1101.0,22.395897,-0.2661896,0.9608144,1
0.042493492,0.06384598,0.048733152,0.2886691,0.19807105,0.1038005,0.7111273,0.1861323,0.4710393,-0.14595717,0.47517082,1022.0,26.508183,0.1782126,0.97911847,0
0.04368196,0.06495193,0.052405834,0.28172946,0.20231037,0.10814195,0.68631965,0.16407552,0.44524297,-0.121861495,0.45194054,1395.0,23.250652,0.98858625,0.13205513,0
0.04001502,0.061062995,0.05673383,0.24981935,0.19565533,0.113932446,0.6298598,0.12158721,0.3735704,-0.06905862,0.37416494,356.0,29.102644,-0.52867854,-0.8455398,0
0.043119065,0.06438177,0.056246933,0.26580787,0.2024606,0.11257355,0.6506996,0.1352798,0.40497315,-0.08847137,0.4093318,737.0,21.009035,0.1711184,-0.97852886,1
0.045962103,0.066777356,0.066271245,0.24534449,0.2133362,0.12507713,0.5746605,0.06978338,0.32467696,-0.02049196,0.34483418,675.0,26.13657,-0.19751368,0.9638903,1
0.038018335,0.060185328,0.04857421,0.26671454,0.18673703,0.10159988,0.6918748,0.17637499,0.44829813,-0.12854809,0.42839065,537.0,22.278921,-0.6160181,0.78756434,0
0.046755124,0.068029724,0.062102154,0.26273116,0.21311554,0.118978724,0.6176368,0.10426808,0.3766013,-0.058608446,0.39042583,781.0,20.242094,0.26483634,-0.9468965,1
0.04387094,0.06511708,0.05672206,0.2677457,0.20440614,0.11311387,0.6503686,0.13415083,0.40600747,-0.088151716,0.41246298,556.0,21.468124,0.40748623,-0.90311414,0
0.045396376,0.06659982,0.059804395,0.26437163,0.20916353,0.11664885,0.63103753,0.116587125,0.387703,-0.070498616,0.39869654,720.0,35.711548,-0.16875829,-0.98496854,0
0.041001465,0.060598318,0.06457419,0.22980985,0.2024576,0.12690473,0.5612929,0.0632762,0.28848028,-0.007027178,0.31539688,651.0,27.726109,0.33091754,0.92618835,0
0.040829916,0.060384635,0.0645155,0.22927265,0.2020814,0.12696794,0.5608026,0.06303697,0.28717873,-0.0065318975,0.31438813,737.0,29.33807,0.18859212,-0.97973454,1
0.038853094,0.059200916,0.059286524,0.23667844,0.19466387,0.1188941,0.599368,0.09740424,0.33125263,-0.040758975,0.34087625,557.0,22.624659,-0.9888162,-0.13801378,1
0.04250993,0.06247728,0.06509024,0.23453373,0.20576563,0.12634899,0.56552047,0.065337576,0.2997781,-0.011293643,0.32429358,353.0,19.27034,0.7419634,0.63139945,1
0.037829787,0.06003026,0.048479654,0.26609457,0.18622719,0.10140945,0.69177604,0.17657204,0.44811785,-0.12850632,0.4272827,413.0,20.953947,-0.7113066,-0.6989267,1
0.03821649,0.059012294,0.056916945,0.24111108,0.19181095,0.114968374,0.618043,0.113877624,0.3542544,-0.05794785,0.35531577,480.0,22.425215,-0.08320243,-0.960026,1
0.0402,0.0596,0.0643,0.2273,0.2007,0.1272,0.55898494,0.06214954,0.28236952,-0.004694838,0.31068924,369.0,34.08798,-0.3384787,0.9376096,0
0.037643243,0.05884244,0.054783177,0.24510261,0.18924193,0.11143333,0.63463974,0.12860915,0.3749111,-0.073505856,0.3684142,651.0,23.877045,-0.9716162,-0.22851202,0
0.04033467,0.059767753,0.064346075,0.22772175,0.20099534,0.12715039,0.5593758,0.062340435,0.2834017,-0.0050900215,0.31147936,380.0,22.319693,-0.67170435,-0.72807235,1
0.039071195,0.05926554,0.06009834,0.23515983,0.19564128,0.12023905,0.5929099,0.0917327,0.3233572,-0.034891378,0.33595484,813.0,17.754778,-0.19595179,-0.9770362,1
0.037533067,0.059675023,0.04925175,0.2621223,0.18589132,0.10247327,0.683649,0.17015329,0.4378798,-0.1206292,0.41702208,621.0,27.933474,0.43930206,0.8982038,0
0.04227603,0.06362263,0.047588196,0.2916084,0.197139,0.10252674,0.7194064,0.1932888,0.47973815,-0.15408821,0.48414117,835.0,28.52491,-0.5257075,-0.8479093,0
0.04042499,0.059880253,0.06437697,0.22800459,0.2011934,0.12711711,0.55963725,0.062468097,0.2840927,-0.00535431,0.31200945,776.0,20.082035,-0.6882485,0.72168493,0
0.04358013,0.06484492,0.056201506,0.2681396,0.20351335,0.11248663,0.65344197,0.13702077,0.40893915,-0.09100756,0.414428,931.0,21.951595,0.51494193,0.8539323,0
0.042969067,0.064029604,0.05879976,0.25661483,0.2032918,0.11606271,0.62715894,0.11594316,0.3771414,-0.06675089,0.38421276,484.0,20.318638,0.9734566,0.15755099,0
0.042569384,0.06388169,0.048322555,0.2905138,0.19813517,0.10344162,0.71477354,0.1890491,0.47485623,-0.14947258,0.48008907,774.0,21.679096,-0.6095369,0.7846287,0
0.03876396,0.060114764,0.054385584,0.25151795,0.19153625,0.11048054,0.6444266,0.13538231,0.38960773,-0.08272989,0.38289973,585.0,26.95741,0.0447453,-0.9971264,0
0.038939025,0.061108563,0.04600331,0.27994475,0.18790378,0.09860578,0.7177261,0.19673242,0.47903502,-0.15372303,0.46272922,560.0,24.147352,0.0054067783,-0.9825757,0
0.039125703,0.061232436,0.04664181,0.2787251,0.18864605,0.09949886,0.7132971,0.19273557,0.4738627,-0.14926264,0.45861432,512.0,24.19526,0.7031795,-0.7081652,0
0.039871223,0.061095987,0.055546276,0.25294858,0.1946839,0.112088874,0.63988847,0.13016188,0.3858774,-0.07842673,0.38339713,345.0,17.506979,0.4772056,-0.7899818,0
0.04022575,0.059632078,0.06430881,0.22738065,0.20075648,0.12719052,0.5590598,0.06218609,0.28256705,-0.004770513,0.3108403,1021.0,21.923061,0.8892638,0.45262116,1
0.040434577,0.062235195,0.04732586,0.28305638,0.19227421,0.10106074,0.7135084,0.19098742,0.47380248,-0.14898281,0.46633056,1050.0,30.54187,0.7685965,0.6297786,0
0.044391003,0.06558964,0.05830113,0.26482502,0.20626277,0.115013935,0.6391432,0.12431282,0.39440686,-0.077820994,0.40283218,607.0,20.586128,-0.22570288,0.9044769,0
0.040630948,0.062380318,0.0486395,0.27953,0.19328181,0.10268956,0.70357084,0.18241544,0.46266717,-0.13919604,0.45571634,937.0,30.952463,0.35043257,0.9308451,0
0.0406536,0.062399648,0.0469818,0.2853714,0.19271164,0.10080926,0.7172779,0.1938152,0.47791657,-0.15260518,0.4721109,639.0,32.097683,-0.16459934,0.97873,0
0.04061805,0.060147572,0.06434312,0.22890955,0.20155044,0.12685627,0.56117624,0.063557856,0.28685522,-0.0067872675,0.31397828,426.0,28.803856,0.33551165,0.92486453,1
0.046529863,0.06776863,0.05819039,0.27524543,0.21115176,0.11463852,0.650965,0.13177228,0.41193515,-0.088701725,0.42546004,970.0,29.035675,-0.90254104,-0.42062047,0
0.046780564,0.068039045,0.06280055,0.2604647,0.21345578,0.11981823,0.61146116,0.09919157,0.3698469,-0.053108566,0.38413796,845.0,21.49431,-0.93592733,0.3227169,0
0.04241018,0.06383678,0.050518647,0.28198117,0.19847305,0.10562999,0.69612825,0.17381077,0.45496932,-0.13149962,0.45670772,1185.0,25.773478,-0.37707335,-0.8969591,0
0.044793252,0.06535581,0.06564399,0.24241248,0.21065037,0.12515149,0.57381845,0.0701053,0.319022,-0.019363567,0.3398539,413.0,18.299976,0.44358912,0.88689554,0
0.042892706,0.062954076,0.06522119,0.23573244,0.20660506,0.12620796,0.5665698,0.06584876,0.3026036,-0.01235148,0.32655874,852.0,21.907627,-0.99670684,-0.036170155,0
0.0470764,0.06839215,0.061081696,0.26770678,0.21343319,0.117679566,0.62844384,0.11280208,0.38929042,-0.06833264,0.40321055,1421.0,41.66869,-0.29727173,0.879658,0
0.04760246,0.06890093,0.06550788,0.2549246,0.2163474,0.12273686,0.59112835,0.08185761,0.3500165,-0.03537372,0.36681554,1209.0,34.49848,-0.980311,-0.18539065,1
0.04396892,0.064414494,0.06488735,0.2413284,0.20857221,0.12467276,0.57619846,0.072807625,0.31873024,-0.02118589,0.33907872,324.0,19.115429,0.9748879,-0.17862713,1
0.0348,0.058,0.0442,0.2649,0.1765,0.0939,0.7140084,0.20027187,0.4765886,-0.15180632,0.4347569,1359.0,22.684978,0.15121096,-0.8342915,0
0.04426394,0.06545328,0.05836798,0.2640092,0.20600246,0.11512441,0.63789016,0.12341555,0.39269742,-0.07666673,0.40094215,703.0,35.24462,-0.56017786,0.8265357,0
0.04021021,0.059612717,0.064303495,0.22733198,0.2007224,0.12719625,0.5590146,0.062164027,0.28244781,-0.004724841,0.3107491,1360.0,36.383553,0.6605933,-0.74580324,0
0.04574868,0.06690386,0.055392925,0.2813623,0.20836721,0.111737974,0.6710197,0.14905183,0.43150395,-0.107216,0.44460988,1650.0,28.873762,-0.19002113,-0.9593868,0
0.04450651,0.06572845,0.054150518,0.27967578,0.20493814,0.11021279,0.6755767,0.15422098,0.43464467,-0.11160101,0.44367486,898.0,38.63121,-0.3236185,0.93799955,0
0.044424117,0.06556739,0.059426647,0.26118433,0.20682405,0.11645046,0.62929124,0.116152376,0.38326415,-0.06882421,0.3926581,417.0,25.69291,-0.12478138,0.9828365,0
0.044034738,0.06528616,0.056544993,0.26912263,0.2047145,0.112886846,0.6527442,0.13592882,0.40898407,-0.09034879,0.41579747,497.0,21.697666,0.98283255,-0.14866543,0
0.046613734,0.067875236,0.058951676,0.27297276,0.21161026,0.115436085,0.64478856,0.1266295,0.40559497,-0.08307158,0.41896576,984.0,16.410664,-0.78886366,-0.47935376,0
0.04115183,0.06278411,0.047496915,0.2861352,0.19418602,0.10168614,0.71527374,0.19143268,0.47560316,-0.1504545,0.4725593,665.0,27.993628,0.98643416,0.12778722,0
0.04018124,0.060372975,0.06118824,0.23664188,0.19863713,0.12141745,0.58910644,0.08731125,0.32180265,-0.03167391,0.33678597,595.0,20.100578,-0.01727547,0.9977982,1
0.038660627,0.059427753,0.05733371,0.24181698,0.19303174,0.115496024,0.6166901,0.11218899,0.35353026,-0.056725156,0.3559077,639.0,24.008041,-0.55955595,0.82793397,0
0.040971495,0.06263503,0.046888825,0.28733248,0.19350362,0.10091656,0.71941453,0.19513689,0.48014522,-0.15458429,0.4765491,716.0,20.081581,-0.621502,0.7697459,0
0.039378896,0.059356708,0.061243676,0.23301731,0.19702025,0.12213654,0.5837459,0.08370679,0.3122049,-0.026631515,0.32903355,559.0,34.00936,0.54662156,0.83281857,1
0.039957665,0.061106496,0.05607745,0.25164822,0.1951665,0.11290318,0.6355361,0.12640971,0.38059115,-0.07435193,0.37947482,523.0,20.37761,0.38045427,-0.9062784,0
0.04159577,0.06310388,0.04716081,0.28960162,0.1952236,0.101626314,0.71991646,0.19466402,0.48047516,-0.15483926,0.48080507,675.0,45.939137,0.8225378,0.56645876,1
0.0447924,0.06602167,0.05771529,0.26869476,0.20694216,0.114234485,0.64636326,0.12983139,0.40336505,-0.08445934,0.41237742,652.0,29.79021,0.6245809,0.76838505,0
,,,,,,,,,,,,,,,0
0.040320195,0.059749715,0.06434112,0.2276764,0.20096359,0.12715572,0.55933386,0.06231994,0.28329083,-0.005047606,0.3113944,300.0,23.454817,0.9098646,-0.41404656,1
0.03977241,0.059785083,0.061507747,0.23390555,0.19799796,0.122313775,0.58358175,0.083138004,0.31326705,-0.026580445,0.33035034,673.0,23.614115,-0.5765841,-0.81384104,1
0.03841,0.059722155,0.05449661,0.24952662,0.1907963,0.11073878,0.6414971,0.13338012,0.38523778,-0.07997252,0.37842533,621.0,29.467337,0.96022487,-0.13376299,0
0.046615507,0.06788508,0.061566457,0.26393127,0.21259382,0.1183916,0.62170887,0.107732944,0.38067216,-0.062230308,0.39410037,1061.0,27.974377,0.9823295,0.18301772,0
0.042354956,0.06379719,0.051347896,0.27882832,0.19864133,0.10653387,0.6889667,0.16794156,0.44709745,-0.12464545,0.44805947,1198.0,22.028442,0.9855214,0.15735126,0
0.04284901,0.06420883,0.050937384,0.2827189,0.19972287,0.10626802,0.6946715,0.17203325,0.4536165,-0.12999651,0.45735195,1183.0,27.793354,-0.98810935,0.1486653,0
0.04330157,0.064598754,0.05539431,0.26955903,0.20252609,0.111493245,0.659063,0.14199331,0.4148139,-0.09625442,0.41921958,1294.0,29.780125,0.8236517,-0.5670142,0
0.037941467,0.058930803,0.05589324,0.24302608,0.19057843,0.113272384,0.6260313,0.12095734,0.36417136,-0.06540256,0.36158854,519.0,24.648926,0.7317048,0.66003567,0
0.0436259,0.06482148,0.050497375,0.28818434,0.20153807,0.10618197,0.7018004,0.17692935,0.4615059,-0.13663678,0.47011825,1017.0,20.797483,-0.93376976,0.068004824,1
0.04549795,0.06636401,0.06475862,0.24829416,0.21163116,0.12323987,0.58627665,0.0797151,0.33658907,-0.030520655,0.35414854,394.0,34.02161,0.97394615,0.19235364,1
0.03931027,0.059419353,0.060661837,0.23448443,0.19650097,0.12110688,0.5889371,0.088131666,0.31884232,-0.031324342,0.33334383,904.0,25.914568,-0.44725645,-0.8719209,1
0.04593289,0.06677228,0.065996304,0.24611628,0.21313865,0.12469752,0.5770994,0.071806796,0.32743862,-0.022609541,0.34702593,646.0,25.179516,-0.99281615,-0.11375013,1
0.044984907,0.06613122,0.05366784,0.28373042,0.20594876,0.1098465,0.6818724,0.15884209,0.44180414,-0.117448546,0.453468,1044.0,30.415962,-0.5349544,-0.8395556,0
0.038904995,0.059216294,0.059479702,0.23631708,0.19489646,0.11921414,0.597834,0.09605594,0.32937458,-0.039361756,0.339704,712.0,21.274632,0.4107548,-0.89868563,0
0.045513727,0.06674779,0.058584765,0.26908976,0.20894293,0.11516555,0.642421,0.12582158,0.40057796,-0.080868,0.4113851,1165.0,33.216938,0.7622017,0.6359691,0
0.045776457,0.066767246,0.064159356,0.25147247,0.21191949,0.12218684,0.5934545,0.08535536,0.3459987,-0.03692493,0.3621382,525.0,31.11654,0.9370698,-0.34877786,1
0.04408119,0.06524815,0.051521674,0.2868433,0.20301433,0.107400805,0.6954669,0.17112926,0.45515582,-0.13047591,0.46492857,1396.0,22.04589,0.88690376,-0.39533338,0
0.044992544,0.06617155,0.059632946,0.2630971,0.20818572,0.1165483,0.6304469,0.11651473,0.38601497,-0.06992604,0.39632252,737.0,23.313211,-0.96786094,-0.11654118,0
0.044114977,0.06447655,0.06563933,0.23956007,0.20928548,0.12575765,0.5698594,0.0674499,0.31151628,-0.015664576,0.33381236,362.0,22.41122,0.27679726,-0.95287883,0
0.045287747,0.06640355,0.061414495,0.25844055,0.20961268,0.118737645,0.61598545,0.10432119,0.37038967,-0.056895714,0.3826434,428.0,23.544464,-0.6179911,0.7849208,0
0.04550356,0.066673264,0.060910653,0.2611113,0.20986673,0.117997594,0.62169874,0.10880456,0.37750024,-0.062067796,0.38940495,574.0,40.67747,0.9552071,0.08069007,0
0.04374623,0.064718954,0.048097733,0.29741824,0.20114854,0.10407124,0.72158897,0.19309288,0.48157427,-0.15568517,0.49550626,1207.0,28.669115,0.8278931,-0.55899554,1
0.04613995,0.067155756,0.06478814,0.25097495,0.2129757,0.12280926,0.58964086,0.081903666,0.34288687,-0.03366113,0.35980794,656.0,32.58695,-0.49324113,-0.86729383,1
0.03885973,0.060072742,0.055209085,0.24935481,0.1922169,0.1118022,0.6374548,0.12939666,0.38086653,-0.07614911,0.37649617,507.0,19.93736,-0.6173974,0.77643484,1
0.040658,0.06240585,0.048311923,0.28079242,0.19322257,0.10231901,0.7064036,0.18474068,0.46585247,-0.14195038,0.459183,751.0,21.427668,-0.7347976,0.6612372,0
0.044364583,0.064889394,0.065087944,0.24237199,0.20948365,0.12465206,0.5766086,0.07278506,0.32074174,-0.021672545,0.34088752,451.0,20.010504,-0.9770442,-0.07707492,1
0.045801196,0.06688229,0.06311748,0.255039,0.21148714,0.120743096,0.60322994,0.093353525,0.35737708,-0.04559182,0.37187323,644.0,32.535553,0.30043742,-0.9530839,1
0.040090848,0.061973624,0.046505142,0.28413147,0.19107728,0.099915326,0.7186933,0.1958175,0.4796711,-0.1542171,0.47055426,531.0,21.073944,-0.49720708,0.85461986,0
0.040934145,0.062327087,0.054449715,0.26147872,0.19656205,0.11029669,0.6553035,0.14172684,0.4066488,-0.09287823,0.40398398,373.0,17.833282,0.6954231,0.6569216,0
0.045074593,0.06626262,0.059566602,0.26369897,0.20834185,0.11644203,0.63146955,0.11727188,0.38737452,-0.07086246,0.39775163,882.0,31.95922,0.5729833,0.8192266,0
0.043854903,0.0641526,0.065550365,0.23874563,0.20871514,0.12585346,0.5691671,0.067113124,0.3096337,-0.014967743,0.33226627,577.0,20.230968,-0.6875887,-0.72443515,0
0.037036136,0.059679423,0.04517425,0.27302802,0.18266097,0.096442334,0.7160658,0.19830862,0.47794276,-0.15287048,0.44984072,571.0,20.956844,0.4054804,-0.9107799,0
0.04027478,0.060773052,0.059884597,0.24107671,0.19803552,0.11905962,0.6020445,0.09801864,0.33880803,-0.04345003,0.34889632,569.0,25.460554,0.9342427,-0.27421063,1
0.039429024,0.060624402,0.055548307,0.25090155,0.19368769,0.11220235,0.63747215,0.12868926,0.38198215,-0.0761622,0.37904003,587.0,26.97126,-0.77690357,-0.60610753,0
0.04468403,0.06587023,0.053710524,0.28209478,0.20522276,0.1098014,0.68010914,0.15774524,0.43964037,-0.11583426,0.44984886,749.0,19.014832,0.70203596,0.66166943,1
0.03709177,0.059423268,0.048121147,0.26362783,0.184236,0.10067735,0.69128275,0.17726777,0.44729114,-0.12824129,0.42283857,772.0,31.487549,0.7460497,0.66546947,1
0.045050614,0.066148296,0.053023472,0.286349,0.20590986,0.109245874,0.6875205,0.1634082,0.44768813,-0.122754924,0.4605314,1663.0,36.06327,-0.72043544,0.68989164,0
0.04559985,0.0668261,0.057131555,0.27453187,0.20860241,0.113526866,0.65548474,0.13646197,0.41489854,-0.092850216,0.4261674,554.0,22.479212,0.9871947,0.06220666,0
0.044031087,0.06493289,0.04822184,0.29845366,0.20193337,0.1043951,0.72180414,0.19289127,0.48171568,-0.15579364,0.49745837,1306.0,28.848158,0.6380272,-0.7670827,0
0.047118206,0.0684358,0.060913514,0.26848242,0.21346489,0.117480114,0.6301502,0.11415674,0.39123565,-0.06987066,0.40522537,1186.0,30.742064,0.8290515,-0.55521375,1
0.04637946,0.06729722,0.06641403,0.24665147,0.21425144,0.12492336,0.575718,0.07029686,0.3276005,-0.021554008,0.3473346,581.0,28.376894,-0.73294264,-0.66751075,1
0.045048803,0.06617952,0.053542987,0.28448984,0.20606677,0.109744325,0.68320835,0.15986548,0.4432531,-0.11869486,0.45537934,1242.0,28.14368,-0.5633824,-0.82485783,0
0.04014921,0.06118728,0.056873616,0.2499868,0.19603074,0.11411118,0.6293193,0.12097296,0.37318423,-0.06856149,0.3742186,388.0,18.546274,0.6935759,-0.69873816,1
0.04166394,0.06321527,0.049918074,0.28032267,0.19637798,0.10464049,0.6976868,0.17609519,0.45636103,-0.13319175,0.45450017,936.0,34.822327,0.94633377,-0.3113586,0
0.046992444,0.06830148,0.061089233,0.26729533,0.21324797,0.11771248,0.6279409,0.112471364,0.388519,-0.06787101,0.40231022,1178.0,29.424376,0.89222556,-0.44459525,0
0.03638615,0.059191257,0.04489106,0.27066544,0.18087013,0.09570334,0.71548,0.19886652,0.47755733,-0.15256841,0.4454494,605.0,21.218422,-0.70350945,0.7102888,0
0.041691698,0.06145808,0.06481032,0.23197138,0.20397127,0.12665044,0.56324583,0.0642289,0.2936825,-0.008999063,0.31946188,316.0,24.416687,-0.10036206,-0.9938875,1
0.040029086,0.060815156,0.05822133,0.24518296,0.1965291,0.11636666,0.6162129,0.11014835,0.35628942,-0.056414314,0.36112702,375.0,19.410618,0.5371844,0.42263117,0
0.04132031,0.062921785,0.05043167,0.27684048,0.19571957,0.105105504,0.6918059,0.17166264,0.44963157,-0.12760592,0.44585228,758.0,27.701818,0.944323,-0.090739496,0
0.044407222,0.06563174,0.05389228,0.28009486,0.20460695,0.109917656,0.6772793,0.15574093,0.4363378,-0.11321218,0.44514245,900.0,28.09765,-0.9791308,-0.03055295,1
0.040080197,0.060152993,0.061585538,0.23499034,0.19867902,0.12221282,0.5846895,0.083730444,0.31572375,-0.02765742,0.33247283,376.0,25.544262,0.34093857,-0.9398,1
0.040479466,0.062265493,0.046674456,0.28554404,0.19214799,0.10035715,0.7190135,0.1955152,0.4798816,-0.15438026,0.47319844,782.0,25.29302,-0.5405503,-0.8373556,0
0.038999908,0.05948951,0.05881336,0.23877028,0.19467545,0.11794482,0.6047272,0.10173092,0.33871695,-0.045705352,0.34629712,669.0,31.785564,0.6219349,0.7704912,0
0.044123728,0.06537529,0.05378149,0.27909318,0.20387703,0.10973294,0.6768664,0.15573661,0.43556806,-0.11286134,0.44322884,1097.0,25.441938,0.7496745,0.57911515,0
0.040095724,0.060722243,0.059094783,0.2427459,0.19718409,0.11780861,0.60843724,0.10356607,0.3465143,-0.049270548,0.35410225,609.0,30.597635,0.8368608,0.50150746,0
0.045743868,0.06673888,0.06403504,0.25174105,0.21179223,0.122035354,0.5944275,0.08618329,0.34701413,-0.037776355,0.36296317,515.0,21.564415,0.98511446,0.13268936,1
0.040146697,0.05990794,0.062901616,0.23127703,0.19966283,0.12458885,0.5723577,0.07336105,0.29979888,-0.01659078,0.32192022,406.0,30.01145,-0.83768904,0.5379796,1
0.04087071,0.06253777,0.050380647,0.2747831,0.19458497,0.10489046,0.69012135,0.17086408,0.4474703,-0.12608947,0.44155055,457.0,23.633589,-0.6550272,0.7068259,1
0.045086578,0.066243015,0.060287457,0.2613172,0.20867574,0.11735171,0.62508345,0.11200477,0.3801883,-0.06507251,0.39114112,674.0,29.230692,-0.5684724,-0.8189572,0
0.045707002,0.06694521,0.05887521,0.2689922,0.20949769,0.1154724,0.6408596,0.124338046,0.399308,-0.079452075,0.41056404,1315.0,35.51273,-0.9233121,-0.37042576,0
0.04060379,0.0609638,0.060868714,0.23946118,0.19931974,0.12055077,0.5946543,0.09148403,0.33029574,-0.036791112,0.34340873,410.0,25.906479,0.82351327,-0.564817,1
0.04040665,0.062210806,0.046642732,0.28527936,0.19194737,0.10027437,0.7189537,0.19557159,0.4798423,-0.15434982,0.47270283,550.0,20.903337,-0.0008820398,0.9964205,0
0.04272396,0.06407207,0.049815416,0.28602508,0.1990206,0.105031036,0.70333886,0.1793738,0.46283394,-0.13835716,0.46700656,1187.0,20.971321,-0.8070516,-0.58870625,0
0.0439816,0.06489573,0.048200283,0.29827377,0.20179702,0.10433884,0.7217668,0.19292618,0.48169115,-0.15577485,0.49711913,1180.0,25.92676,-0.14359042,-0.9855653,0
0.046886623,0.06816025,0.06281122,0.2609036,0.21369031,0.11978083,0.61193484,0.09948144,0.37070802,-0.053549774,0.38505775,1004.0,24.95038,-0.8247373,0.5607476,0
0.039717596,0.06100403,0.055079427,0.25373307,0.19408455,0.111392416,0.6432824,0.13319823,0.38984036,-0.08161719,0.3860868,665.0,24.443907,-0.86906016,-0.48824188,1
0.039066967,0.059264287,0.0600826,0.23518927,0.19562232,0.120212965,0.5930354,0.091842815,0.32351038,-0.035005048,0.33605015,886.0,19.61913,-0.39054784,-0.7454206,1
0.04301629,0.063108005,0.065263465,0.23611943,0.20687607,0.12616242,0.56690663,0.06601278,0.30351233,-0.012690917,0.3272907,796.0,22.517412,0.6372546,-0.7157889,1
0.04500126,0.066159375,0.060092553,0.26158488,0.20840193,0.11713038,0.62638,0.113158375,0.381433,-0.06623706,0.3921211,562.0,20.191938,-0.70412225,0.70887583,0
0.039555114,0.05950336,0.0615371,0.23288521,0.19757238,0.12254321,0.58198076,0.082035564,0.3104479,-0.025079206,0.32814133,451.0,21.613712,-0.9105504,-0.4083456,1
0.045941167,0.067185305,0.05945997,0.2680677,0.21025686,0.11610686,0.63691634,0.12086109,0.39555153,-0.07587815,0.40735143,1059.0,30.057512,-0.92749506,-0.34650543,0
0.041259468,0.060919687,0.06466245,0.2306178,0.20302339,0.12680967,0.5620266,0.06363422,0.29043132,-0.007768203,0.31691518,527.0,27.985203,0.054089602,-0.9939108,1
0.039758604,0.061724097,0.04636039,0.2829238,0.19016188,0.09953759,0.71841717,0.19607845,0.47948948,-0.15407619,0.46829528,421.0,23.655424,-0.51475626,-0.8502104,0
0.039009836,0.060206566,0.05536262,0.24956058,0.19264132,0.11201361,0.636875,0.12871781,0.38041148,-0.07560272,0.37659714,480.0,20.00296,-0.8199674,0.5610222,0
0.038145334,0.05918707,0.055756096,0.24437562,0.19094485,0.112955034,0.6284558,0.12273893,0.36778423,-0.06768428,0.36474374,744.0,19.094557,0.34970954,-0.88769066,0
0.040628124,0.06238482,0.047780678,0.2824724,0.19294292,0.10169075,0.71064204,0.18831846,0.4705856,-0.14610395,0.46402103,1094.0,22.86007,0.56269413,-0.8258835,0
0.03775441,0.05887538,0.05519697,0.24432856,0.18974014,0.11211887,0.6314373,0.12575987,0.37090936,-0.07048282,0.36586693,873.0,24.248432,-0.21816704,-0.94136316,0
0.038439054,0.060407083,0.050023407,0.2640265,0.18847491,0.10378665,0.6814302,0.1669643,0.43565556,-0.11824677,0.41932645,440.0,20.77324,-0.4516766,-0.83779156,0
0.043077666,0.064284086,0.05715617,0.26256412,0.20276786,0.11377105,0.6424614,0.12850235,0.39537382,-0.080835424,0.40043077,337.0,20.66182,-0.59893656,0.7980824,0
0.04636997,0.067285396,0.06641078,0.24662176,0.21423064,0.12492686,0.5756941,0.07028523,0.32753426,-0.021529973,0.34727773,935.0,19.00415,-0.9798357,0.16297914,1
0.045430608,0.0665698,0.06133432,0.2593535,0.20988968,0.11857112,0.61748266,0.10541189,0.37251443,-0.05826324,0.38476327,381.0,35.50904,-0.07638404,0.9962692,0
0.03950405,0.06128616,0.05096127,0.2661276,0.19150384,0.105313174,0.6785679,0.16306518,0.43294767,-0.11524704,0.4216914,348.0,19.083605,-0.6524606,-0.7245246,1
0.038448673,0.05908109,0.057781175,0.23949443,0.19285145,0.11640016,0.6112619,0.10788347,0.34587282,-0.05166804,0.3500365,816.0,30.049118,0.098865665,0.99401826,1
0.04275088,0.06277741,0.06517267,0.23528829,0.20629403,0.1262602,0.5661821,0.065659925,0.30155867,-0.011960691,0.3257191,660.0,25.182386,0.42718035,0.899672,1
0.041023828,0.06267927,0.04710979,0.2868296,0.19371742,0.101187795,0.71785426,0.19376287,0.4784368,-0.15303178,0.4749524,578.0,26.453241,0.59762746,0.782444,1
0.046213165,0.06743453,0.061657745,0.26179555,0.2117441,0.11865748,0.6187533,0.10569643,0.3762306,-0.05952226,0.38932976,1151.0,28.699013,0.99264395,0.10866945,0
0.04352857,0.06465557,0.049159892,0.29246137,0.20087942,0.10485862,0.7121965,0.18563627,0.4721704,-0.1466661,0.48237488,1292.0,24.023682,-0.9820489,-0.12269545,0
0.04576296,0.066819735,0.06334587,0.2541097,0.21151042,0.12107443,0.6009151,0.09148937,0.35458663,-0.043527264,0.36942166,530.0,28.61161,0.75075024,0.6529549,0
0.041872367,0.061683126,0.06487212,0.23253715,0.20436747,0.12658387,0.5637518,0.06447557,0.295035,-0.009509664,0.32052755,457.0,20.386545,0.31859988,-0.9416346,1
0.045109432,0.06627088,0.060232062,0.2616082,0.20870262,0.117272995,0.62570214,0.112490684,0.3809511,-0.06563503,0.39188004,709.0,24.26086,-0.7296778,-0.68003756,0
0.04129858,0.06288828,0.047267564,0.2876923,0.19448598,0.10153603,0.71777177,0.19330263,0.4782701,-0.15284835,0.47644398,665.0,24.658726,-0.9116093,-0.37808138,1
0.039584152,0.060483173,0.05730433,0.24606118,0.19502766,0.11503092,0.6222093,0.11569894,0.36287212,-0.061923306,0.3649574,483.0,33.879093,0.4011061,-0.91372603,1
0.044078235,0.065034054,0.06123673,0.2536081,0.20690341,0.119064406,0.61100376,0.101419166,0.36102396,-0.05221777,0.37268513,681.0,24.30082,-0.97403854,-0.21717046,1
0.035979453,0.05886973,0.044861324,0.2687044,0.17982246,0.0954544,0.7138634,0.19816417,0.475754,-0.15112387,0.44132182,928.0,25.75033,-0.9740828,0.17447399,0
0.041959785,0.06337727,0.04731941,0.29092476,0.19622654,0.10204017,0.7202056,0.1943918,0.48066524,-0.1549859,0.48328915,655.0,20.671173,0.42487144,0.8759281,1
0.047139097,0.068383954,0.06461075,0.25592548,0.21498802,0.12189597,0.5968584,0.086932,0.35474297,-0.040273342,0.37075153,1512.0,26.073912,-0.9805627,-0.19049184,0
0.046302605,0.06754026,0.061467253,0.26284918,0.21186274,0.11838874,0.6209427,0.10740501,0.37892464,-0.06149856,0.3919818,1487.0,25.364334,-0.812249,-0.5561815,0
0.0437958,0.06407898,0.06553014,0.23856054,0.20858553,0.12587523,0.5690092,0.067036286,0.30920485,-0.014808777,0.33191514,797.0,20.753975,0.7188199,-0.68749946,0
0.045359362,0.066499464,0.06115924,0.25962043,0.20965688,0.11837363,0.6186838,0.10646913,0.37367463,-0.059332956,0.38569686,744.0,44.22344,0.437611,-0.89887947,1
